tahun,topik,judul,jenjang,wilayah,pemilik_data,jadwal_pembaruan,terakhir_update,ukuran_mb,nama_file,url_sumber,halaman
2025,Asesmen Nasional,Rapor Publik Asesmen Nasional 2025 - Guru,SD/MI/Sederajat,,Pusat Asesmen Pendidikan,Tahunan,2026-03-17,160.87,2025_rapor-publik-asesmen-nasional-2025-guru-2025-sd-mi-sederajat.xlsx,https://cdn.data-portal.belajar.id/Aset-Dataset/20260316/5ff429d2eeb100f4a35442640a7256dba3ae55b56626562a1736616ca2f86258.xlsx,https://data.kemendikdasmen.go.id/dataset/rapor-publik-asesmen-nasional-2025-guru-2025-sd-mi-sederajat
2025,Asesmen Nasional,Rapor Publik Asesmen Nasional 2025 - Guru,SMP/MTs/Sederajat,,Pusat Asesmen Pendidikan,Tahunan,2026-03-17,145.44,2025_rapor-publik-asesmen-nasional-2025-guru-2025-smp-mts-sederajat.xlsx,https://cdn.data-portal.belajar.id/Aset-Dataset/20260316/d0d7d2c218b6b5ed456f7260279f5e2a7be1fe05fa467ed89076900f81843e7f.xlsx,https://data.kemendikdasmen.go.id/dataset/rapor-publik-asesmen-nasional-2025-guru-2025-smp-mts-sederajat
2025,Asesmen Nasional,Rapor Publik Asesmen Nasional 2025 - Guru,PAUD/Sederajat,,Pusat Asesmen Pendidikan,Tahunan,2026-07-09,25.0,2025_rapor-publik-asesmen-nasional-2025-guru-2025-paud-sederajat.xlsx,https://cdn.data-portal.belajar.id/Aset-Dataset/20260709/4783c4bf2418fd79cf13627dff5130f7fa826df1da035446c4748657dbaa3642.xlsx,https://data.kemendikdasmen.go.id/dataset/rapor-publik-asesmen-nasional-2025-guru-2025-paud-sederajat
2025,Asesmen Nasional,Rapor Publik Asesmen Nasional 2025 - Guru,SMA/SMK/MA/MAK/Sederajat,,Pusat Asesmen Pendidikan,Tahunan,2026-03-17,12.18,2025_rapor-publik-asesmen-nasional-2025-guru-2025-sma-smk-ma-mak-sederajat.xlsx,https://cdn.data-portal.belajar.id/Aset-Dataset/20260316/ab7ddb5b5edc920380625d232d34096b836ad92b0cd7c7b2f5528401532eb9d0.xlsx,https://data.kemendikdasmen.go.id/dataset/rapor-publik-asesmen-nasional-2025-guru-2025-sma-smk-ma-mak-sederajat
2025,Asesmen Nasional,Rapor Publik Asesmen Nasional 2025 - Kepala Satuan Pendidikan,SD/MI/Sederajat,,Pusat Asesmen Pendidikan,Tahunan,2026-03-17,12.95,2025_rapor-publik-asesmen-nasional-2025-kepala-satuan-pendidikan-2025-sd-mi-sederajat.xlsx,https://cdn.data-portal.belajar.id/Aset-Dataset/20260316/c3fb3a49faa0b3ee562d257ef84cc71f12a8221b7121eeefd2f4944c5eadcd5f.xlsx,https://data.kemendikdasmen.go.id/dataset/rapor-publik-asesmen-nasional-2025-kepala-satuan-pendidikan-2025-sd-mi-sederajat
2025,Asesmen Nasional,Rapor Publik Asesmen Nasional 2025 - Kepala Satuan Pendidikan,SMP/MTs/Sederajat,,Pusat Asesmen Pendidikan,Tahunan,2026-03-17,7.03,2025_rapor-publik-asesmen-nasional-2025-kepala-satuan-pendidikan-2025-smp-mts-sederajat.xlsx,https://cdn.data-portal.belajar.id/Aset-Dataset/20260316/0e94a57e3d422b5cda7b385a854a6f6b2029985dcbbcb19f93271c4ed099a587.xlsx,https://data.kemendikdasmen.go.id/dataset/rapor-publik-asesmen-nasional-2025-kepala-satuan-pendidikan-2025-smp-mts-sederajat
2025,Asesmen Nasional,Rapor Publik Asesmen Nasional 2025 - Kepala Satuan Pendidikan,PAUD/Sederajat,,Pusat Asesmen Pendidikan,Tahunan,2026-07-09,10.1,2025_rapor-publik-asesmen-nasional-2025-kepala-satuan-pendidikan-2025-paud-sederajat.xlsx,https://cdn.data-portal.belajar.id/Aset-Dataset/20260709/c21cd631b70a04f1b872a3f8c91652c7dd3a44dcb5f6f266da7d93f5da198b25.xlsx,https://data.kemendikdasmen.go.id/dataset/rapor-publik-asesmen-nasional-2025-kepala-satuan-pendidikan-2025-paud-sederajat
2025,Asesmen Nasional,Rapor Publik Asesmen Nasional 2025 - Kepala Satuan Pendidikan,SMA/SMK/MA/MAK/Sederajat,,Pusat Asesmen Pendidikan,Tahunan,2026-03-17,0.61,2025_rapor-publik-asesmen-nasional-2025-kepala-satuan-pendidikan-2025-sma-ma-sederajat.xlsx,https://cdn.data-portal.belajar.id/Aset-Dataset/20260316/eb9ed78b1bcdbb78841d57ebf511e99d6c0183cb5777d0c7d923f918c1781d78.xlsx,https://data.kemendikdasmen.go.id/dataset/rapor-publik-asesmen-nasional-2025-kepala-satuan-pendidikan-2025-sma-ma-sederajat
2025,Asesmen Nasional,Rapor Publik Asesmen Nasional 2025 - Peserta Didik,SD/MI/Sederajat,,Pusat Asesmen Pendidikan,Tahunan,2026-03-17,377.15,2025_rapor-publik-asesmen-nasional-2025-peserta-didik-2025-sd-mi-sederajat.xlsx,https://cdn.data-portal.belajar.id/Aset-Dataset/20260316/5af0432bbf9df9753a94df413686f767d43c9bee893669c1e52ff3fe30d467c6.xlsx,https://data.kemendikdasmen.go.id/dataset/rapor-publik-asesmen-nasional-2025-peserta-didik-2025-sd-mi-sederajat
2025,Asesmen Nasional,Rapor Publik Asesmen Nasional 2025 - Peserta Didik,SMP/MTs/Sederajat,,Pusat Asesmen Pendidikan,Tahunan,2026-03-17,373.76,2025_rapor-publik-asesmen-nasional-2025-peserta-didik-2025-smp-mts-sederajat.xlsx,https://cdn.data-portal.belajar.id/Aset-Dataset/20260316/274c02ee36a9587c9fc90e2277acb75cc50c90e47d15577acee242442d425e39.xlsx,https://data.kemendikdasmen.go.id/dataset/rapor-publik-asesmen-nasional-2025-peserta-didik-2025-smp-mts-sederajat
2025,Asesmen Nasional,Rapor Publik Asesmen Nasional 2025 - Peserta Didik,SMA/SMK/MA/MAK/Sederajat,,Pusat Asesmen Pendidikan,Tahunan,2026-03-17,22.79,2025_rapor-publik-asesmen-nasional-2025-peserta-didik-2025-sma-smk-ma-mak-sederajat.xlsx,https://cdn.data-portal.belajar.id/Aset-Dataset/20260316/b5b636fca58fe22b49ddcdb6e00669d3923b14ba44952804badfee1f57656f66.xlsx,https://data.kemendikdasmen.go.id/dataset/rapor-publik-asesmen-nasional-2025-peserta-didik-2025-sma-smk-ma-mak-sederajat
2024,Asesmen Nasional,Rapor Publik Asesmen Nasional 2024 - Guru,SD/MI/Sederajat,Indonesia,Pusat Asesmen Pendidikan,Tahunan,2025-07-14,111.37,2024_rapor-publik-asesmen-nasional-2024-guru-2024-indonesia-3.xlsx,https://cdn.data-portal.belajar.id/Aset-Dataset/20250711/26cc62a09694b54b0919b898ed4a99abd954f1be88b5d6a59f5a234fcab57128.xlsx,https://data.kemendikdasmen.go.id/dataset/rapor-publik-asesmen-nasional-2024-guru-2024-indonesia-3
2024,Asesmen Nasional,Rapor Publik Asesmen Nasional 2024 - Guru,SMP/MTs/Sederajat,Indonesia,Pusat Asesmen Pendidikan,Tahunan,2025-07-14,98.39,2024_rapor-publik-asesmen-nasional-2024-guru-2024-indonesia-2.xlsx,https://cdn.data-portal.belajar.id/Aset-Dataset/20250711/70a47f424e74ad40daa4d3395e3a1b99767e8bbddedbf9cc898c090ced7a5368.xlsx,https://data.kemendikdasmen.go.id/dataset/rapor-publik-asesmen-nasional-2024-guru-2024-indonesia-2
2024,Asesmen Nasional,Rapor Publik Asesmen Nasional 2024 - Guru,PAUD/Sederajat,,Pusat Asesmen Pendidikan,Tahunan,2026-07-09,24.59,2024_rapor-publik-asesmen-nasional-2024-guru-2024-paud-sederajat.xlsx,https://cdn.data-portal.belajar.id/Aset-Dataset/20260709/122f153744c290f696d63402daba5507b2c50899ef4e46c12d4cc1602d95bdb2.xlsx,https://data.kemendikdasmen.go.id/dataset/rapor-publik-asesmen-nasional-2024-guru-2024-paud-sederajat
2024,Asesmen Nasional,Rapor Publik Asesmen Nasional 2024 - Guru,SMA/SMK/MA/MAK/Sederajat,Indonesia,Pusat Asesmen Pendidikan,Tahunan,2025-07-14,11.51,2024_rapor-publik-asesmen-nasional-2024-guru-2024-indonesia.xlsx,https://cdn.data-portal.belajar.id/Aset-Dataset/20250711/d3dca12c49162d604c4c652d3e328491da03203f50155d7fc6984084c49bf4d0.xlsx,https://data.kemendikdasmen.go.id/dataset/rapor-publik-asesmen-nasional-2024-guru-2024-indonesia
2024,Asesmen Nasional,Rapor Publik Asesmen Nasional 2024 - Kepala Satuan Pendidikan,SD/MI/Sederajat,Indonesia,Pusat Asesmen Pendidikan,Tahunan,2025-07-14,12.38,2024_rapor-publik-asesmen-nasional-2024-kepala-satuan-pendidikan-2024-indonesia-2.xlsx,https://cdn.data-portal.belajar.id/Aset-Dataset/20250711/f101a4611f71478521e0a089ff911e18b7fb6e5f41eb4678703aa7ff2f37ed14.xlsx,https://data.kemendikdasmen.go.id/dataset/rapor-publik-asesmen-nasional-2024-kepala-satuan-pendidikan-2024-indonesia-2
2024,Asesmen Nasional,Rapor Publik Asesmen Nasional 2024 - Kepala Satuan Pendidikan,SMP/MTs/Sederajat,Indonesia,Pusat Asesmen Pendidikan,Tahunan,2025-07-14,6.76,2024_rapor-publik-asesmen-nasional-2024-kepala-satuan-pendidikan-2024-indonesia-3.xlsx,https://cdn.data-portal.belajar.id/Aset-Dataset/20250711/9208396872d13b6d1b9e8310687fbf1b0e108b86117137a45e848f8771ee9726.xlsx,https://data.kemendikdasmen.go.id/dataset/rapor-publik-asesmen-nasional-2024-kepala-satuan-pendidikan-2024-indonesia-3
2024,Asesmen Nasional,Rapor Publik Asesmen Nasional 2024 - Kepala Satuan Pendidikan,PAUD/Sederajat,,Pusat Asesmen Pendidikan,Tahunan,2026-07-09,10.04,2024_rapor-publik-asesmen-nasional-2024-kepala-satuan-pendidikan-2024-paud-sederajat.xlsx,https://cdn.data-portal.belajar.id/Aset-Dataset/20260709/20a74d3dfe041c3b5d880759bdb75fb02663a7c3b88eb338f44957e069947262.xlsx,https://data.kemendikdasmen.go.id/dataset/rapor-publik-asesmen-nasional-2024-kepala-satuan-pendidikan-2024-paud-sederajat
2024,Asesmen Nasional,Rapor Publik Asesmen Nasional 2024 - Kepala Satuan Pendidikan,SMA/SMK/MA/MAK/Sederajat,Indonesia,Pusat Asesmen Pendidikan,Tahunan,2025-07-14,0.64,2024_rapor-publik-asesmen-nasional-2024-kepala-satuan-pendidikan-2024-indonesia.xlsx,https://cdn.data-portal.belajar.id/Aset-Dataset/20250711/04be6b80f5308d5cca8bb669e0c6ce2284a5fb4629f3929b319b48bd693da016.xlsx,https://data.kemendikdasmen.go.id/dataset/rapor-publik-asesmen-nasional-2024-kepala-satuan-pendidikan-2024-indonesia
2024,Asesmen Nasional,Rapor Publik Asesmen Nasional 2024 - Peserta Didik,SD/MI/Sederajat,Indonesia,Pusat Asesmen Pendidikan,Tahunan,2025-07-14,330.88,2024_rapor-publik-asesmen-nasional-2024-peserta-didik-2024-indonesia-3.xlsx,https://cdn.data-portal.belajar.id/Aset-Dataset/20250711/996d087b86e9c80aa51651c0cdd7dc4494b23c4f670adb1a4fb10dd1f4739a29.xlsx,https://data.kemendikdasmen.go.id/dataset/rapor-publik-asesmen-nasional-2024-peserta-didik-2024-indonesia-3
2024,Asesmen Nasional,Rapor Publik Asesmen Nasional 2024 - Peserta Didik,SMP/MTs/Sederajat,Indonesia,Pusat Asesmen Pendidikan,Tahunan,2025-07-14,375.44,2024_rapor-publik-asesmen-nasional-2024-peserta-didik-2024-indonesia-2.xlsx,https://cdn.data-portal.belajar.id/Aset-Dataset/20250711/4ef58438a9eba12e3972e4c4cdb3c9fade62910eb7ae91c5a82214509b1f6a4e.xlsx,https://data.kemendikdasmen.go.id/dataset/rapor-publik-asesmen-nasional-2024-peserta-didik-2024-indonesia-2
2024,Asesmen Nasional,Rapor Publik Asesmen Nasional 2024 - Peserta Didik,SMA/SMK/MA/MAK/Sederajat,Indonesia,Pusat Asesmen Pendidikan,Tahunan,2025-07-14,30.29,2024_rapor-publik-asesmen-nasional-2024-peserta-didik-2024-indonesia.xlsx,https://cdn.data-portal.belajar.id/Aset-Dataset/20250711/8bde1ef66ac9094c3e199494506a287d0fc6b5780a7b8040dbae79596d1b840c.xlsx,https://data.kemendikdasmen.go.id/dataset/rapor-publik-asesmen-nasional-2024-peserta-didik-2024-indonesia
2023,Asesmen Nasional,Rapor Publik Asesmen Nasional 2023 - Guru,SD/MI/Sederajat,Indonesia,Pusat Asesmen Pendidikan,Tahunan,2024-10-08,115.02,2023_rapor-publik-an-2023-guru-sd.xlsx,https://cdn.data-portal.belajar.id/Aset-Dataset/20241008/1bb66d8d338aa7684281855aa6dc7779ba788a7ca01f588744b10543b96a29f3.xlsx,https://data.kemendikdasmen.go.id/dataset/rapor-publik-an-2023-guru-sd
2023,Asesmen Nasional,Rapor Publik Asesmen Nasional 2023 - Guru,SMP/MTs/Sederajat,Indonesia,Pusat Asesmen Pendidikan,Tahunan,2024-10-08,104.21,2023_rapor-publik-an-2023-guru-smp.xlsx,https://cdn.data-portal.belajar.id/Aset-Dataset/20241008/09e3d02b142a3299abc8de1e7c174e261fd58f69ab87c67f41fb71d0e290cdc0.xlsx,https://data.kemendikdasmen.go.id/dataset/rapor-publik-an-2023-guru-smp
2023,Asesmen Nasional,Rapor Publik Asesmen Nasional 2023 - Guru,SMA/SMK/MA/MAK/Sederajat,Indonesia,Pusat Asesmen Pendidikan,Tahunan,2024-10-08,11.32,2023_rapor-publik-an-2023-guru-sma.xlsx,https://cdn.data-portal.belajar.id/Aset-Dataset/20241008/91364e6343bb5d16b73c8268cb62be24233b0e11a9f4eeb2799481c56b4597a9.xlsx,https://data.kemendikdasmen.go.id/dataset/rapor-publik-an-2023-guru-sma
2023,Asesmen Nasional,Rapor Publik Asesmen Nasional 2023 - Kepala Satuan Pendidikan,SD/MI/Sederajat,Indonesia,Pusat Asesmen Pendidikan,Tahunan,2024-10-08,9.11,2023_rapor-publik-an-2023-kepala-satpen-sd.xlsx,https://cdn.data-portal.belajar.id/Aset-Dataset/20241008/167cc819345c477f89ebdec354a39d4b84abdbca1d29914b08de176662d6fe6a.xlsx,https://data.kemendikdasmen.go.id/dataset/rapor-publik-an-2023-kepala-satpen-sd
2023,Asesmen Nasional,Rapor Publik Asesmen Nasional 2023 - Kepala Satuan Pendidikan,SMP/MTs/Sederajat,Indonesia,Pusat Asesmen Pendidikan,Tahunan,2024-10-08,5.04,2023_rapor-publik-an-2023-kepala-satpen-smp.xlsx,https://cdn.data-portal.belajar.id/Aset-Dataset/20241008/628ee64fbdf851af24eda0f9dfbb8ababba0a98b26de3481fc5c038558240107.xlsx,https://data.kemendikdasmen.go.id/dataset/rapor-publik-an-2023-kepala-satpen-smp
2023,Asesmen Nasional,Rapor Publik Asesmen Nasional 2023 - Kepala Satuan Pendidikan,SMA/SMK/MA/MAK/Sederajat,Indonesia,Pusat Asesmen Pendidikan,Tahunan,2024-10-08,0.37,2023_rapor-publik-an-2023-kepala-satpen-sma.xlsx,https://cdn.data-portal.belajar.id/Aset-Dataset/20241008/529ff62110c47f68dd296a81d7e5d156a78f2fbe84c688b7a17861400fd8f5e5.xlsx,https://data.kemendikdasmen.go.id/dataset/rapor-publik-an-2023-kepala-satpen-sma
2023,Asesmen Nasional,Rapor Publik Asesmen Nasional 2023 - Peserta Didik,SD/MI/Sederajat,Indonesia,Pusat Asesmen Pendidikan,Tahunan,2024-10-08,274.19,2023_rapor-publik-an-2023-peserta-didik-sd.xlsx,https://cdn.data-portal.belajar.id/Aset-Dataset/20241008/3fe3689aa0a67d699f349e9090d4f6a0905c1c58bda939040ea3a3738a2d6ccc.xlsx,https://data.kemendikdasmen.go.id/dataset/rapor-publik-an-2023-peserta-didik-sd
2023,Asesmen Nasional,Rapor Publik Asesmen Nasional 2023 - Peserta Didik,SMP/MTs/Sederajat,Indonesia,Pusat Asesmen Pendidikan,Tahunan,2024-10-08,304.62,2023_rapor-publik-an-2023-peserta-didik-smp.xlsx,https://cdn.data-portal.belajar.id/Aset-Dataset/20241008/7a422097f2a9f6cae8754d9aa34d7fb4cecad567098726a2eba5cebcf49340c7.xlsx,https://data.kemendikdasmen.go.id/dataset/rapor-publik-an-2023-peserta-didik-smp
2023,Asesmen Nasional,Rapor Publik Asesmen Nasional 2023 - Peserta Didik,SMA/SMK/MA/MAK/Sederajat,Indonesia,Pusat Asesmen Pendidikan,Tahunan,2024-10-08,23.79,2023_rapor-publik-an-2023-peserta-didik-sma.xlsx,https://cdn.data-portal.belajar.id/Aset-Dataset/20241008/8577c922c6748a018f792e78b3ff169f9274ce1b291c03ee1e394ecdc7bb3395.xlsx,https://data.kemendikdasmen.go.id/dataset/rapor-publik-an-2023-peserta-didik-sma
2022,Asesmen Nasional,Rapor Publik Asesmen Nasional 2022 - Guru,SD/MI/Sederajat,Indonesia,Pusat Asesmen Pendidikan,Tahunan,2024-10-08,119.05,2022_rapor-publik-an-2022-guru-sd.xlsx,https://cdn.data-portal.belajar.id/Aset-Dataset/20241008/a9a846590ed943eafa53493e3727e66df3973a64c4d47e812304fcf2e33a5d96.xlsx,https://data.kemendikdasmen.go.id/dataset/rapor-publik-an-2022-guru-sd
2022,Asesmen Nasional,Rapor Publik Asesmen Nasional 2022 - Guru,SMP/MTs/Sederajat,Indonesia,Pusat Asesmen Pendidikan,Tahunan,2024-10-08,112.47,2022_rapor-publik-an-2022-guru-smp.xlsx,https://cdn.data-portal.belajar.id/Aset-Dataset/20241008/805136213dda8b24d4bac262336fb6073f6b246560bf3d30ddc112eee0023269.xlsx,https://data.kemendikdasmen.go.id/dataset/rapor-publik-an-2022-guru-smp
2022,Asesmen Nasional,Rapor Publik Asesmen Nasional 2022 - Guru,SMA/SMK/MA/MAK/Sederajat,Indonesia,Pusat Asesmen Pendidikan,Tahunan,2024-10-08,11.3,2022_rapor-publik-an-2022-guru-sma.xlsx,https://cdn.data-portal.belajar.id/Aset-Dataset/20241008/5afb0f93065b05b4afa840daa9cceadb4fee277431ca4e344c3b9460047eb24a.xlsx,https://data.kemendikdasmen.go.id/dataset/rapor-publik-an-2022-guru-sma
2022,Asesmen Nasional,Rapor Publik Asesmen Nasional 2022 - Kepala Satuan Pendidikan,SD/MI/Sederajat,Indonesia,Pusat Asesmen Pendidikan,Tahunan,2024-10-08,9.42,2022_rapor-publik-an-2022-kepala-satpen-sd.xlsx,https://cdn.data-portal.belajar.id/Aset-Dataset/20241008/f08827466a6ff7a8aec1a769b9a4cec34de5f3e35c0946142f99acaf3e672ad1.xlsx,https://data.kemendikdasmen.go.id/dataset/rapor-publik-an-2022-kepala-satpen-sd
2022,Asesmen Nasional,Rapor Publik Asesmen Nasional 2022 - Kepala Satuan Pendidikan,SMP/MTs/Sederajat,Indonesia,Pusat Asesmen Pendidikan,Tahunan,2024-10-08,5.5,2022_rapor-publik-an-2022-kepala-satpen-smp.xlsx,https://cdn.data-portal.belajar.id/Aset-Dataset/20241008/9c3c7a853a954aca4fd05fa5a08f9ab10e3f7ce907b1cd5ac929d7d21253532c.xlsx,https://data.kemendikdasmen.go.id/dataset/rapor-publik-an-2022-kepala-satpen-smp
2022,Asesmen Nasional,Rapor Publik Asesmen Nasional 2022 - Kepala Satuan Pendidikan,SMA/SMK/MA/MAK/Sederajat,Indonesia,Pusat Asesmen Pendidikan,Tahunan,2024-10-08,0.46,2022_rapor-publik-an-2022-kepala-satpen-sma.xlsx,https://cdn.data-portal.belajar.id/Aset-Dataset/20241008/5334742ee25e9b4e879d240d57a1df481aa79278dd13bcffaecaef029c779fc1.xlsx,https://data.kemendikdasmen.go.id/dataset/rapor-publik-an-2022-kepala-satpen-sma
2022,Asesmen Nasional,Rapor Publik Asesmen Nasional 2022 - Peserta Didik,SD/MI/Sederajat,Indonesia,Pusat Asesmen Pendidikan,Tahunan,2024-10-08,278.47,2022_rapor-publik-an-2022-peserta-didik-sd.xlsx,https://cdn.data-portal.belajar.id/Aset-Dataset/20241008/b1451b3d33db9c62360cd0022da6b56803fce19ad32eb3f5d63c8103e45b8aaf.xlsx,https://data.kemendikdasmen.go.id/dataset/rapor-publik-an-2022-peserta-didik-sd
2022,Asesmen Nasional,Rapor Publik Asesmen Nasional 2022 - Peserta Didik,SMP/MTs/Sederajat,Indonesia,Pusat Asesmen Pendidikan,Tahunan,2024-10-08,304.53,2022_rapor-publik-an-2022-peserta-didik-smp.xlsx,https://cdn.data-portal.belajar.id/Aset-Dataset/20241008/0ec08bcf5ce1d9b4d59cb0d205d2148bba349ed462c2c1c3fabe989d192abd83.xlsx,https://data.kemendikdasmen.go.id/dataset/rapor-publik-an-2022-peserta-didik-smp
2022,Asesmen Nasional,Rapor Publik Asesmen Nasional 2022 - Peserta Didik,SMA/SMK/MA/MAK/Sederajat,Indonesia,Pusat Asesmen Pendidikan,Tahunan,2024-10-08,25.49,2022_rapor-publik-an-2022-peserta-didik-sma.xlsx,https://cdn.data-portal.belajar.id/Aset-Dataset/20241008/d2bb87f5930a938861c8709a1dff680b759aaab5c3f4dd207da05145efca8156.xlsx,https://data.kemendikdasmen.go.id/dataset/rapor-publik-an-2022-peserta-didik-sma
2021,Asesmen Nasional,Rapor Publik Asesmen Nasional 2021 - Guru,SD/MI/Sederajat,Indonesia,Pusat Asesmen Pendidikan,Tahunan,2024-10-08,84.51,2021_rapor-publik-an-2021-guru-sd.xlsx,https://cdn.data-portal.belajar.id/Aset-Dataset/20241008/4d9f9ca8a7295a101b9fa11e523db6e6b7c9c52229b0ef21a6cb5e5f62407b8b.xlsx,https://data.kemendikdasmen.go.id/dataset/rapor-publik-an-2021-guru-sd
2021,Asesmen Nasional,Rapor Publik Asesmen Nasional 2021 - Guru,SMP/MTs/Sederajat,Indonesia,Pusat Asesmen Pendidikan,Tahunan,2024-10-08,82.45,2021_rapor-publik-an-2021-guru-smp.xlsx,https://cdn.data-portal.belajar.id/Aset-Dataset/20241008/b4dde11cdd8343924a866e593df78957f0d78fe9fc80b299fbe7d3eeef657125.xlsx,https://data.kemendikdasmen.go.id/dataset/rapor-publik-an-2021-guru-smp
2021,Asesmen Nasional,Rapor Publik Asesmen Nasional 2021 - Guru,SMA/SMK/MA/MAK/Sederajat,Indonesia,Pusat Asesmen Pendidikan,Tahunan,2024-10-08,7.8,2021_rapor-publik-an-2021-guru-sma.xlsx,https://cdn.data-portal.belajar.id/Aset-Dataset/20241008/8ff6fb2919978769d348754cf656b047757934643f560429b4f69e3800092046.xlsx,https://data.kemendikdasmen.go.id/dataset/rapor-publik-an-2021-guru-sma
2021,Asesmen Nasional,Rapor Publik Asesmen Nasional 2021 - Kepala Satuan Pendidikan,SD/MI/Sederajat,Indonesia,Pusat Asesmen Pendidikan,Tahunan,2024-10-08,7.12,2021_rapor-publik-an-2021-kepala-satpen-sd.xlsx,https://cdn.data-portal.belajar.id/Aset-Dataset/20241008/69eb25d2fa1c09b797bdbd86db9f58155e2fc14f6df8fbbba132cea2ecbbee3f.xlsx,https://data.kemendikdasmen.go.id/dataset/rapor-publik-an-2021-kepala-satpen-sd
2021,Asesmen Nasional,Rapor Publik Asesmen Nasional 2021 - Kepala Satuan Pendidikan,SMP/MTs/Sederajat,Indonesia,Pusat Asesmen Pendidikan,Tahunan,2024-10-08,4.19,2021_rapor-publik-an-2021-kepala-satpen-smp.xlsx,https://cdn.data-portal.belajar.id/Aset-Dataset/20241008/56e0c34fccff1425c412c66e48c02ad7c862bf11ec3116f60234ce56145c76a9.xlsx,https://data.kemendikdasmen.go.id/dataset/rapor-publik-an-2021-kepala-satpen-smp
2021,Asesmen Nasional,Rapor Publik Asesmen Nasional 2021 - Kepala Satuan Pendidikan,SMA/SMK/MA/MAK/Sederajat,Indonesia,Pusat Asesmen Pendidikan,Tahunan,2024-10-08,0.31,2021_rapor-publik-an-2021-kepala-satpen-sma.xlsx,https://cdn.data-portal.belajar.id/Aset-Dataset/20241008/fc91825d7d99592abb7f3720cd817e8ff8d2a283e8d0ca2aab09ab5c3830d847.xlsx,https://data.kemendikdasmen.go.id/dataset/rapor-publik-an-2021-kepala-satpen-sma
2021,Asesmen Nasional,Rapor Publik Asesmen Nasional 2021 - Peserta Didik,SD/MI/Sederajat,Indonesia,Pusat Asesmen Pendidikan,Tahunan,2024-10-08,313.71,2021_rapor-publik-an-2021-peserta-didik-sd.xlsx,https://cdn.data-portal.belajar.id/Aset-Dataset/20241008/76258ead19714b4af5a9d3694411c366543260b6c7b3421f1c528f601a9ef772.xlsx,https://data.kemendikdasmen.go.id/dataset/rapor-publik-an-2021-peserta-didik-sd
2021,Asesmen Nasional,Rapor Publik Asesmen Nasional 2021 - Peserta Didik,SMP/MTs/Sederajat,Indonesia,Pusat Asesmen Pendidikan,Tahunan,2024-10-08,306.29,2021_rapor-publik-an-2021-peserta-didik-smp.xlsx,https://cdn.data-portal.belajar.id/Aset-Dataset/20241008/9fcc5000ca3de774482db39685c7619ce8c3d864eaadf4ea8d2ba865a8c80e1b.xlsx,https://data.kemendikdasmen.go.id/dataset/rapor-publik-an-2021-peserta-didik-smp
2021,Asesmen Nasional,Rapor Publik Asesmen Nasional 2021 - Peserta Didik,SMA/SMK/MA/MAK/Sederajat,Indonesia,Pusat Asesmen Pendidikan,Tahunan,2024-10-08,29.7,2021_rapor-publik-an-2021-peserta-didik-sma.xlsx,https://cdn.data-portal.belajar.id/Aset-Dataset/20241008/a7f3c8e9d2b14f6c8e5a9b7c3d4e6f8a9b2c5d7e8f1a3b6c9d2e5f8a1b4c7d9e.xlsx,https://data.kemendikdasmen.go.id/dataset/rapor-publik-an-2021-peserta-didik-sma
2025,Prioritas,Indeks Pembangunan Kebahasaan,,Indonesia,Badan Pengembangan dan Pembinaan Bahasa,Tahunan,2026-03-05,0.01,2025_indeks-pembangunan-kebahasaan-2025-indonesia.xlsx,https://cdn.data-portal.belajar.id/Aset-Dataset/20260305/982ebb3cb3261af6a6e2d2e0b6629015e112b7025b4f443ab157a48d588afdc6.xlsx,https://data.kemendikdasmen.go.id/dataset/indeks-pembangunan-kebahasaan-2025-indonesia
2025,Prioritas,Indeks Pemerataan Guru,,,Direktorat Jenderal Guru dan Tenaga Kependidikan,Tahunan,2026-06-08,0.22,2025_indeks-pemerataan-guru-2025.xlsx,https://cdn.data-portal.belajar.id/Aset-Dataset/20260608/51d1c537917ed58b26ef183940afea78b9e6c1f53afb2bc0f714400402578053.xlsx,https://data.kemendikdasmen.go.id/dataset/indeks-pemerataan-guru-2025
2025,Prioritas,Jumlah Anak Tidak Sekolah yang Mendapatkan Layanan Pendidikan di Satuan Pendidikan Formal dan Nonformal,,Indonesia,Pusat Data dan Teknologi Informasi,Tahunan,2026-06-07,0.01,2025_jumlah-anak-tidak-sekolah-yang-mendapatkan-layanan-pendidikan-di-satuan-pendidikan-formal-.xlsx,https://cdn.data-portal.belajar.id/Aset-Dataset/20260607/c625f90b7417ba99ba6d5de82affd6269633944dd986f8992cb6977d2b4aeda9.xlsx,https://data.kemendikdasmen.go.id/dataset/jumlah-anak-tidak-sekolah-yang-mendapatkan-layanan-pendidikan-di-satuan-pendidikan-formal-dan-nonformal-2025-indonesia
2025,Prioritas,Jumlah Daerah (Provinsi dan Kabupaten/Kota) yang Telah Memenuhi SPM Pendidikan,,Indonesia,Pusat Standar dan Kebijakan Pendidikan,Tahunan,2026-03-10,0.02,2025_jumlah-daerah-provinsi-dan-kabupaten-kota-yang-telah-memenuhi-spm-pendidikan-2025-indonesi.xlsx,https://cdn.data-portal.belajar.id/Aset-Dataset/20260310/e8ad2d179e18634f807e60325618a1647ee770cafec559cb92a403fd8a12068a.xlsx,https://data.kemendikdasmen.go.id/dataset/jumlah-daerah-provinsi-dan-kabupaten-kota-yang-telah-memenuhi-spm-pendidikan-2025-indonesia
2025,Prioritas,Jumlah Guru dan Tenaga Kependidikan,,Indonesia,Pusat Data dan Teknologi Informasi,Tahunan,2026-03-05,0.03,2025_jumlah-guru-dan-tenaga-kependidikan-2025-indonesia.xlsx,https://cdn.data-portal.belajar.id/Aset-Dataset/20260305/1b5513a6d57ef66d8db44f7bc01bd2adb30e692dee3901c2595f2092fe6814db.xlsx,https://data.kemendikdasmen.go.id/dataset/jumlah-guru-dan-tenaga-kependidikan-2025-indonesia
2025,Prioritas,Jumlah Guru dan Tenaga Kependidikan yang Memiliki Kualifikasi Akademik Minimal S-1/D-IV dan Sertifikat Pendidik,,Indonesia,Pusat Data dan Teknologi Informasi,Tahunan,2026-04-07,0.03,2025_jumlah-guru-dan-tenaga-kependidikan-yang-memiliki-kualifikasi-akademik-minimal-s-1-d-iv-da.xlsx,https://cdn.data-portal.belajar.id/Aset-Dataset/20260407/7c8bc6593ba77d1971ca5e68d808c96bea201765229db14e4b4d771b08ab17ca.xlsx,https://data.kemendikdasmen.go.id/dataset/jumlah-guru-dan-tenaga-kependidikan-yang-memiliki-kualifikasi-akademik-minimal-s-1-d-iv-dan-sertifikat-pendidik-2025-indonesia
2025,Prioritas,Jumlah Guru per Jenjang Pendidikan,,,Pusat Data dan Teknologi Informasi,Tahunan,2026-03-04,0.03,2025_jumlah-guru-per-jenjang-pendidikan-2025.xlsx,https://cdn.data-portal.belajar.id/Aset-Dataset/20260220/32f57d90f85b4b4584df8ed56e27b449c489329fa0893b374dd55bc899db5362.xlsx,https://data.kemendikdasmen.go.id/dataset/jumlah-guru-per-jenjang-pendidikan-2025
2025,Prioritas,Jumlah Guru per Jenjang Pendidikan yang Memiliki Kualifikasi Akademik Minimal S1/D4,,,Pusat Data dan Teknologi Informasi,Tahunan,2026-03-03,0.02,2025_jumlah-guru-per-jenjang-pendidikan-yang-memiliki-kualifikasi-akademik-minimal-s1-d4-2025-2.xlsx,https://cdn.data-portal.belajar.id/Aset-Dataset/20260220/0eaa3663fc0b462965b5d545b4daa5e47a5bf63d8db7fce5dd36585781aa9377.xlsx,https://data.kemendikdasmen.go.id/dataset/jumlah-guru-per-jenjang-pendidikan-yang-memiliki-kualifikasi-akademik-minimal-s1-d4-2025-2
2025,Prioritas,Jumlah Guru per Jenjang Pendidikan yang Memiliki Sertifikat Pendidik,,,Pusat Data dan Teknologi Informasi,Tahunan,2026-03-03,0.02,2025_jumlah-guru-per-jenjang-pendidikan-yang-memiliki-sertifikat-pendidik-2025.xlsx,https://cdn.data-portal.belajar.id/Aset-Dataset/20260220/33f97bf8ab057e8c1b3e3cb5ca895b7e28c278ca619093e253c247db7ce21b75.xlsx,https://data.kemendikdasmen.go.id/dataset/jumlah-guru-per-jenjang-pendidikan-yang-memiliki-sertifikat-pendidik-2025
2025,Prioritas,Jumlah Kabupaten/Kota yang Menerapkan PAUD-HI (𝑎),,Indonesia,"Direktorat Jenderal Pendidikan Anak Usia Dini, Pendidikan Dasar, dan Pendidikan Nonformal dan Informal",Tahunan,2026-04-07,0.01,2025_jumlah-kabupaten-kota-yang-menerapkan-paud-hi-2025-indonesia.xlsx,https://cdn.data-portal.belajar.id/Aset-Dataset/20260407/602884598be53ca9e5a4f8accb90b85292822c745b26c5043c2097d6fcea3d5f.xlsx,https://data.kemendikdasmen.go.id/dataset/jumlah-kabupaten-kota-yang-menerapkan-paud-hi-2025-indonesia
2025,Prioritas,Jumlah Lulusan Pendidikan dan Pelatihan KP,,Indonesia,Direktorat Jenderal Pendidikan Menengah dan Pendidikan Khusus,Tahunan,2026-03-12,0.01,2025_jumlah-lulusan-pendidikan-dan-pelatihan-kp-2025-indonesia.xlsx,https://cdn.data-portal.belajar.id/Aset-Dataset/20260312/039d5f1cbcc481a2f53917d747c21e47c20d0e3ad26978a4780e45494a93481a.xlsx,https://data.kemendikdasmen.go.id/dataset/jumlah-lulusan-pendidikan-dan-pelatihan-kp-2025-indonesia
2025,Prioritas,Jumlah Lulusan yang Terserap di DUDIKA,,Indonesia,Direktorat Jenderal Pendidikan Menengah dan Pendidikan Khusus,Tahunan,2026-06-08,0.01,2025_jumlah-lulusan-yang-terserap-di-dudika-2025-indonesia.xlsx,https://cdn.data-portal.belajar.id/Aset-Dataset/20260312/12bc441abf4574bacc4313a565130246623ef1dbe3eb9ac6f71aed8ec3eaadf4.xlsx,https://data.kemendikdasmen.go.id/dataset/jumlah-lulusan-yang-terserap-di-dudika-2025-indonesia
2025,Prioritas,Jumlah Penyandang Kebutuhan Khusus yang Masih Sekolah,,,Pusat Data dan Teknologi Informasi,Tahunan,2026-03-03,0.02,2025_jumlah-penyandang-kebutuhan-khusus-yang-masih-sekolah-2025-2.xlsx,https://cdn.data-portal.belajar.id/Aset-Dataset/20260220/12dd9463d544400ade8b6691d94bb1106bbd2172dc3e884004dd0dee9c12ee2c.xlsx,https://data.kemendikdasmen.go.id/dataset/jumlah-penyandang-kebutuhan-khusus-yang-masih-sekolah-2025-2
2025,Prioritas,"Jumlah Peserta Didik Madrasah, Satuan Pendidikan Umum dengan Kekhasan Agama, dan Satuan Pendidikan Keagamaan yang Mengikuti Asesmen Tingkat Nasional",,Indonesia,Pusat Asesmen Pendidikan,Tahunan,2026-03-05,0.01,2025_jumlah-peserta-didik-madrasah-satuan-pendidikan-umum-dengan-kekhasan-agama-dan-satuan-pend.xlsx,https://cdn.data-portal.belajar.id/Aset-Dataset/20260305/2f56348d3c5fd3b79a91f9b49fcdade06a5b735c76f99d5a244dfca4c59baa30.xlsx,https://data.kemendikdasmen.go.id/dataset/jumlah-peserta-didik-madrasah-satuan-pendidikan-umum-dengan-kekhasan-agama-dan-satuan-pendidikan-keagamaan-yang-mengikuti-asesmen-tingkat-nasional-2025-indonesia
2025,Prioritas,"Jumlah Peserta Didik Madrasah, Satuan Pendidikan Umum dengan Kekhasan Agama, dan Satuan Pendidikan Keagamaan yang Telah Mencapai Standar Kompetensi Minimum AKM (minimal level cakap) pada Aspek Numerasi",,Indonesia,Pusat Asesmen Pendidikan,Tahunan,2026-06-09,0.01,2025_jumlah-peserta-didik-madrasah-satuan-pendidikan-umum-dengan-kekhasan-agama-dan-satuan-pend.xlsx,https://cdn.data-portal.belajar.id/Aset-Dataset/20260305/1e4d2dc76272186bf6f0d31a02c67c4afd8ef22f33fa9fdf98392e71f32464e1.xlsx,https://data.kemendikdasmen.go.id/dataset/jumlah-peserta-didik-madrasah-satuan-pendidikan-umum-dengan-kekhasan-agama-dan-satuan-pendidikan-keagamaan-yang-telah-mencapai-standar-kompetensi-minimum-akm-minimal-level-cakap-pada-aspek-numerasi-2025-indonesia
2025,Prioritas,Jumlah Peserta Didik Perempuan Kelas 5 SD atau Sederajat,,Indonesia,Pusat Data dan Teknologi Informasi,Tahunan,2026-06-09,0.02,2025_jumlah-peserta-didik-perempuan-kelas-5-sd-atau-sederajat-2025-indonesia.xlsx,https://cdn.data-portal.belajar.id/Aset-Dataset/20260407/ea8b6b9771da3902dcc446cf55818e7a81d304480cf6c2c4c3e0c3fe2105d262.xlsx,https://data.kemendikdasmen.go.id/dataset/jumlah-peserta-didik-perempuan-kelas-5-sd-atau-sederajat-2025-indonesia
2025,Prioritas,Jumlah Satuan Pendidikan,,Indonesia,Pusat Data dan Teknologi Informasi,Tahunan,2026-03-09,0.03,2025_jumlah-satuan-pendidikan-2025-indonesia.xlsx,https://cdn.data-portal.belajar.id/Aset-Dataset/20260309/6a3fdf99b100f3401c8a92d55b4b15e414b47a59ba767da6341f227657b83a35.xlsx,https://data.kemendikdasmen.go.id/dataset/jumlah-satuan-pendidikan-2025-indonesia
2025,Prioritas,Jumlah Satuan Pendidikan Formal dan Nonformal yang Diakreditasi Sesuai Standar Nasional Pendidikan (SNP),,,Pusat Data dan Teknologi Informasi,Tahunan,2026-06-30,0.02,2025_jumlah-satuan-pendidikan-formal-dan-nonformal-yang-diakreditasi-sesuai-standar-nasional-pe.xlsx,https://cdn.data-portal.belajar.id/Aset-Dataset/20260630/4bb8ee70a06cde91099672783325eba2ecbd71819ec091a59fc84997a668eb95.xlsx,https://data.kemendikdasmen.go.id/dataset/jumlah-satuan-pendidikan-formal-dan-nonformal-yang-diakreditasi-sesuai-standar-nasional-pendidikan-snp-2025
2025,Prioritas,Jumlah Satuan Pendidikan Formal dan Nonformal yang Memiliki Program Terkait Peningkatan Kualitas Lingkungan Belajar,,Indonesia,"Direktorat Jenderal Pendidikan Anak Usia Dini, Pendidikan Dasar, dan Pendidikan Nonformal dan Informal",Tahunan,2026-06-10,0.01,2025_jumlah-satuan-pendidikan-formal-dan-nonformal-yang-memiliki-program-terkait-peningkatan-ku.xlsx,https://cdn.data-portal.belajar.id/Aset-Dataset/20260610/c6dd6c2fa492ec604a7dfd6196af28d5077a1da62d9fe7557fdad35b328cfa5c.xlsx,https://data.kemendikdasmen.go.id/dataset/jumlah-satuan-pendidikan-formal-dan-nonformal-yang-memiliki-program-terkait-peningkatan-kualitas-lingkungan-belajar-2025-indonesia
2025,Prioritas,Jumlah Satuan Pendidikan Formal dan Nonformal yang Telah Menerapkan Kurikulum Terkini,,Indonesia,"Direktorat Jenderal Pendidikan Anak Usia Dini, Pendidikan Dasar, dan Pendidikan Nonformal dan Informal",Tahunan,2026-04-07,0.01,2025_jumlah-satuan-pendidikan-formal-dan-nonformal-yang-telah-menerapkan-kurikulum-terkini-2025.xlsx,https://cdn.data-portal.belajar.id/Aset-Dataset/20260407/71eef73060b49d7b976f601ed70d2a95f81d6e8e40c5a9b90aa60f3ba2e4a318.xlsx,https://data.kemendikdasmen.go.id/dataset/jumlah-satuan-pendidikan-formal-dan-nonformal-yang-telah-menerapkan-kurikulum-terkini-2025-indonesia
2025,Prioritas,Jumlah Satuan Pendidikan dengan Akreditasi Minimal B,,,Pusat Data dan Teknologi Informasi,Tahunan,2026-03-03,0.02,2025_jumlah-satuan-pendidikan-dengan-akreditasi-minimal-b-2025-2.xlsx,https://cdn.data-portal.belajar.id/Aset-Dataset/20260220/e7d7920b01a78e563eddd47afe3d6e26e3b1a6d52fc588d6358a85c0ac68dae9.xlsx,https://data.kemendikdasmen.go.id/dataset/jumlah-satuan-pendidikan-dengan-akreditasi-minimal-b-2025-2
2025,Prioritas,Jumlah Satuan Pendidikan yang Memanfaatkan Hasil Asesmen Nasional Untuk Peningkatan Kualitas Pembelajaran,,Indonesia,"Direktorat Jenderal Pendidikan Anak Usia Dini, Pendidikan Dasar, dan Pendidikan Nonformal dan Informal",Tahunan,2026-04-07,0.01,2025_jumlah-satuan-pendidikan-yang-memanfaatkan-hasil-asesmen-nasional-untuk-peningkatan-kualit.xlsx,https://cdn.data-portal.belajar.id/Aset-Dataset/20260407/9ebabafc44fcef49691bc4726bde74a0be69f1de59e7272ac6c5caec441310ba.xlsx,https://data.kemendikdasmen.go.id/dataset/jumlah-satuan-pendidikan-yang-memanfaatkan-hasil-asesmen-nasional-untuk-peningkatan-kualitas-pembelajaran-2025-indonesia
2025,Prioritas,Jumlah Satuan Pendidikan yang Memenuhi SNP Sapras,,Indonesia,"Direktorat Jenderal Pendidikan Anak Usia Dini, Pendidikan Dasar, dan Pendidikan Nonformal dan Informal",Tahunan,2026-06-10,0.01,2025_jumlah-satuan-pendidikan-yang-memenuhi-snp-sapras-2025-indonesia.xlsx,https://cdn.data-portal.belajar.id/Aset-Dataset/20260413/fe9d94bf204a90ef5087b5cbc45aaf065a478180b62f3b322b2b0ddbf0047b63.xlsx,https://data.kemendikdasmen.go.id/dataset/jumlah-satuan-pendidikan-yang-memenuhi-snp-sapras-2025-indonesia
2025,Prioritas,Jumlah Satuan Pendidikan yang Mencapai Standar Kompetensi Minimum pada Asesmen Tingkat Nasional untuk Literasi Membaca atau Numerasi,,Indonesia,Pusat Asesmen Pendidikan,Tahunan,2026-03-05,0.01,2025_jumlah-satuan-pendidikan-yang-mencapai-standar-kompetensi-minimum-pada-asesmen-tingkat-nas.xlsx,https://cdn.data-portal.belajar.id/Aset-Dataset/20260305/4437adb6ddbe85b09435cfc28315f1ebdc903ccdf6418f5fef43666f39017046.xlsx,https://data.kemendikdasmen.go.id/dataset/jumlah-satuan-pendidikan-yang-mencapai-standar-kompetensi-minimum-pada-asesmen-tingkat-nasional-untuk-literasi-membaca-atau-numerasi-2025-indonesia
2025,Prioritas,Jumlah Satuan Pendidikan yang Menerapkan Pendidikan Inklusif,,Indonesia,Direktorat Jenderal Pendidikan Menengah dan Pendidikan Khusus,Tahunan,2026-03-05,0.01,2025_jumlah-satuan-pendidikan-yang-menerapkan-pendidikan-inklusif-2025-indonesia.xlsx,https://cdn.data-portal.belajar.id/Aset-Dataset/20260305/7e11fcfe0ea667efb35d2a8e426d13d04a2d4c6b20956405e9d0e344bdcbec85.xlsx,https://data.kemendikdasmen.go.id/dataset/jumlah-satuan-pendidikan-yang-menerapkan-pendidikan-inklusif-2025-indonesia
2025,Prioritas,Jumlah Satuan Pendidikan yang Mengikuti Asesmen Nasional,,Indonesia,Pusat Asesmen Pendidikan,Tahunan,2026-03-05,0.01,2025_jumlah-satuan-pendidikan-yang-mengikuti-asesmen-nasional-2025-indonesia.xlsx,https://cdn.data-portal.belajar.id/Aset-Dataset/20260305/188e7532fc5073bfd2888d79510b8af7680a90b65cb829cc3503c3072d8ce485.xlsx,https://data.kemendikdasmen.go.id/dataset/jumlah-satuan-pendidikan-yang-mengikuti-asesmen-nasional-2025-indonesia
2025,Prioritas,Jumlah Sekolah dengan Akses Internet untuk Pengajaran,,,Pusat Data dan Teknologi Informasi,Tahunan,2026-03-03,0.02,2025_jumlah-sekolah-dengan-akses-internet-untuk-pengajaran-2025-2.xlsx,https://cdn.data-portal.belajar.id/Aset-Dataset/20260220/e54f850054c836a7bc9af5b940a09dc3f68ca473abc692720278f218942b98ab.xlsx,https://data.kemendikdasmen.go.id/dataset/jumlah-sekolah-dengan-akses-internet-untuk-pengajaran-2025-2
2025,Prioritas,Jumlah Sekolah dengan Akses Komputer untuk Pengajaran,,,Pusat Data dan Teknologi Informasi,Tahunan,2026-03-03,0.02,2025_jumlah-sekolah-dengan-akses-komputer-untuk-pengajaran-2025-2.xlsx,https://cdn.data-portal.belajar.id/Aset-Dataset/20260220/916d843221ad4da7723637f94896d57cf5da98215c7c1c2d0b9534ad3a95fd48.xlsx,https://data.kemendikdasmen.go.id/dataset/jumlah-sekolah-dengan-akses-komputer-untuk-pengajaran-2025-2
2025,Prioritas,Jumlah Sekolah dengan Akses Listrik,,,Pusat Data dan Teknologi Informasi,Tahunan,2026-03-03,0.02,2025_jumlah-sekolah-dengan-akses-listrik-2025-2.xlsx,https://cdn.data-portal.belajar.id/Aset-Dataset/20260220/669bacd717a08a6a8ee42dc1a034b88d348fde1f2bcde983779afa8f19540f26.xlsx,https://data.kemendikdasmen.go.id/dataset/jumlah-sekolah-dengan-akses-listrik-2025-2
2025,Prioritas,Jumlah Sekolah dengan Akses terhadap Air Minum Layak,,,Pusat Data dan Teknologi Informasi,Tahunan,2026-03-03,0.02,2025_jumlah-sekolah-dengan-akses-terhadap-air-minum-layak-2025-2.xlsx,https://cdn.data-portal.belajar.id/Aset-Dataset/20260220/f7497ba01de90af9d1d55c96dc84388dfa913fe271c97b02e99ef9679ee38377.xlsx,https://data.kemendikdasmen.go.id/dataset/jumlah-sekolah-dengan-akses-terhadap-air-minum-layak-2025-2
2025,Prioritas,Jumlah Sekolah dengan Fasilitas Cuci Tangan,,,Pusat Data dan Teknologi Informasi,Tahunan,2026-03-03,0.02,2025_jumlah-sekolah-dengan-fasilitas-cuci-tangan-2025-2.xlsx,https://cdn.data-portal.belajar.id/Aset-Dataset/20260220/eb1079d7cae9a865f69d77c399242a767b9f5364b5fc2ce9f4bdde8c3c3fc6ef.xlsx,https://data.kemendikdasmen.go.id/dataset/jumlah-sekolah-dengan-fasilitas-cuci-tangan-2025-2
2025,Prioritas,Jumlah Sekolah yang Memanfaatkan Komputer dan Internet untuk Tujuan Pembelajaran,,,Pusat Data dan Teknologi Informasi,Tahunan,2026-02-26,0.02,2025_jumlah-sekolah-yang-memanfaatkan-komputer-dan-internet-untuk-tujuan-pembelajaran-2025-2.xlsx,https://cdn.data-portal.belajar.id/Aset-Dataset/20260220/a5bbc8414c34fb694c1ac0335f0c6a7d091c7a09baf92cb6380f519a95ce876a.xlsx,https://data.kemendikdasmen.go.id/dataset/jumlah-sekolah-yang-memanfaatkan-komputer-dan-internet-untuk-tujuan-pembelajaran-2025-2
2025,Prioritas,Jumlah Siswa yang Terdaftar di Sekolah Luar Biasa (SLB),,,Pusat Data dan Teknologi Informasi,Tahunan,2026-02-25,0.02,2025_jumlah-siswa-yang-terdaftar-di-sekolah-luar-biasa-slb-2025-2.xlsx,https://cdn.data-portal.belajar.id/Aset-Dataset/20260220/bd0694f60b5e736d98e0960f4e19d38bdf94090de9f47a9238ca9f5fddc187c1.xlsx,https://data.kemendikdasmen.go.id/dataset/jumlah-siswa-yang-terdaftar-di-sekolah-luar-biasa-slb-2025-2
2025,Prioritas,Persentase Angka Putus Sekolah Siswa Sekolah Dasar,,Indonesia,Pusat Data dan Teknologi Informasi,Tahunan,2026-03-10,0.02,2025_persentase-angka-putus-sekolah-siswa-sekolah-dasar-2025-indonesia.xlsx,https://cdn.data-portal.belajar.id/Aset-Dataset/20260310/72599bd78aed6caa9a10e98dea99c834c5ba2ba5eaaa24497b35001a5084b82e.xlsx,https://data.kemendikdasmen.go.id/dataset/persentase-angka-putus-sekolah-siswa-sekolah-dasar-2025-indonesia
2025,Prioritas,Persentase Angka Putus Sekolah Siswa Sekolah Menengah Atas (SMA)/Sekolah Menengah Kejuruan (SMK) atau Sederajat,,Indonesia,Pusat Data dan Teknologi Informasi,Tahunan,2026-03-10,0.02,2025_persentase-angka-putus-sekolah-siswa-sekolah-menengah-atas-sma-sekolah-menengah-kejuruan-s.xlsx,https://cdn.data-portal.belajar.id/Aset-Dataset/20260310/3d85ea3585174e578f6eabcb8e398743c59553ee676a21cb41d43011909f8256.xlsx,https://data.kemendikdasmen.go.id/dataset/persentase-angka-putus-sekolah-siswa-sekolah-menengah-atas-sma-sekolah-menengah-kejuruan-smk-atau-sederajat-2025-indonesia
2025,Prioritas,Persentase Angka Putus Sekolah Siswa Sekolah Menengah Pertama (SMP) atau Sederajat,,Indonesia,Pusat Data dan Teknologi Informasi,Tahunan,2026-06-10,0.02,2025_persentase-angka-putus-sekolah-siswa-sekolah-menengah-pertama-smp-atau-sederajat-2025-indo.xlsx,https://cdn.data-portal.belajar.id/Aset-Dataset/20260310/7a7215ae4dde2db0cf73cb27da37eb60675b16e2d9a35767f0d66ead41ba0350.xlsx,https://data.kemendikdasmen.go.id/dataset/persentase-angka-putus-sekolah-siswa-sekolah-menengah-pertama-smp-atau-sederajat-2025-indonesia
2025,Prioritas,Persentase Angkatan Kerja Lulusan Pendidikan Menengah Vokasi Setahun Terakhir yang Bekerja/Berwirausaha,,Indonesia,Direktorat Jenderal Pendidikan Menengah dan Pendidikan Khusus,Tahunan,2026-03-12,0.01,2025_persentase-angkatan-kerja-lulusan-pendidikan-menengah-vokasi-setahun-terakhir-yang-bekerja.xlsx,https://cdn.data-portal.belajar.id/Aset-Dataset/20260312/d41dc6a08261182065f348896cd664cfa5b538c97b0b5c8f987d2c0417d80e11.xlsx,https://data.kemendikdasmen.go.id/dataset/persentase-angkatan-kerja-lulusan-pendidikan-menengah-vokasi-setahun-terakhir-yang-bekerja-berwirausaha-2025-indonesia
2025,Prioritas,Persentase Daerah (Provinsi dan Kabupaten/Kota) yang Memenuhi SPM Pendidikan,,Indonesia,Pusat Standar dan Kebijakan Pendidikan,Tahunan,2026-03-10,0.02,2025_persentase-daerah-provinsi-dan-kabupaten-kota-yang-memenuhi-spm-pendidikan-2025-indonesia.xlsx,https://cdn.data-portal.belajar.id/Aset-Dataset/20260310/d203f1110ee50f7f8216c8470fdb248479ac194a9d310adf6ee5e5719ce2a522.xlsx,https://data.kemendikdasmen.go.id/dataset/persentase-daerah-provinsi-dan-kabupaten-kota-yang-memenuhi-spm-pendidikan-2025-indonesia
2025,Prioritas,Persentase Guru ASN,,,Pusat Data dan Teknologi Informasi,Tahunan,2026-06-30,0.03,2025_persentase-guru-asn-2025.xlsx,https://cdn.data-portal.belajar.id/Aset-Dataset/20260630/a3a5a9b38912c3a3352651e54071ca95fc331aab293f52ea61955b8f5c831bc9.xlsx,https://data.kemendikdasmen.go.id/dataset/persentase-guru-asn-2025
2025,Prioritas,Persentase Guru yang Memenuhi Kualifikasi Sesuai Standar Nasional,,Indonesia,Pusat Data dan Teknologi Informasi,Tahunan,2026-03-09,0.03,2025_persentase-guru-yang-memenuhi-kualifikasi-sesuai-standar-nasional-2025-indonesia.xlsx,https://cdn.data-portal.belajar.id/Aset-Dataset/20260309/51b6ab93b0f85520e3e841717d052ac52eee2ba9fa5279a38bbce419de010957.xlsx,https://data.kemendikdasmen.go.id/dataset/persentase-guru-yang-memenuhi-kualifikasi-sesuai-standar-nasional-2025-indonesia
2025,Prioritas,Persentase Kabupaten/Kota yang Menerapkan PAUD-HI,,Indonesia,"Direktorat Jenderal Pendidikan Anak Usia Dini, Pendidikan Dasar, dan Pendidikan Nonformal dan Informal",Tahunan,2026-03-10,0.01,2025_persentase-kabupaten-kota-yang-menerapkan-paud-hi-2025-indonesia.xlsx,https://cdn.data-portal.belajar.id/Aset-Dataset/20260310/a9ef4c29790e53bdceafbcb614c508eb2c2631496a0d9bfcedcdab0e97eeba27.xlsx,https://data.kemendikdasmen.go.id/dataset/persentase-kabupaten-kota-yang-menerapkan-paud-hi-2025-indonesia
2025,Prioritas,"Persentase Lulusan Pendidikan dan Pelatihan KP yang Terserap di Dunia Usaha, Dunia Industri, dan/atau Dunia Kerja",,Indonesia,Direktorat Jenderal Pendidikan Menengah dan Pendidikan Khusus,Tahunan,2026-03-12,0.01,2025_persentase-lulusan-pendidikan-dan-pelatihan-kp-yang-terserap-di-dunia-usaha-dunia-industri.xlsx,https://cdn.data-portal.belajar.id/Aset-Dataset/20260312/de9bde8b55b52e83391b438da076f7e6c392d1b5e1cb82c264fe28571d94fafb.xlsx,https://data.kemendikdasmen.go.id/dataset/persentase-lulusan-pendidikan-dan-pelatihan-kp-yang-terserap-di-dunia-usaha-dunia-industri-dan-atau-dunia-kerja-2025-indonesia
2025,Prioritas,Persentase Pendidik dan Tenaga Kependidikan yang Profesional pada Satuan Pendidikan Formal dan Nonformal,,Indonesia,Direktorat Jenderal Guru dan Tenaga Kependidikan,Tahunan,2026-04-07,0.01,2025_persentase-pendidik-dan-tenaga-kependidikan-yang-profesional-pada-satuan-pendidikan-formal.xlsx,https://cdn.data-portal.belajar.id/Aset-Dataset/20260407/3ca40de11e83b72c7bd5fb9e05f18fb66ce3b9193b957a01c44491db3183f8e2.xlsx,https://data.kemendikdasmen.go.id/dataset/persentase-pendidik-dan-tenaga-kependidikan-yang-profesional-pada-satuan-pendidikan-formal-dan-nonformal-2025-indonesia
2025,Prioritas,"Persentase Peserta Didik Madrasah, Satuan Pendidikan Umum dengan Kekhasan Agama, dan Satuan Pendidikan Keagamaan yang Mencapai Standar Kompetensi Minimum dalam Asesmen Kompetensi Tingkat Nasional: (a) Literasi Membaca; dan (b) Numerasi",,Indonesia,Pusat Asesmen Pendidikan,Tahunan,2026-03-05,0.01,2025_persentase-peserta-didik-madrasah-satuan-pendidikan-umum-dengan-kekhasan-agama-dan-satuan-.xlsx,https://cdn.data-portal.belajar.id/Aset-Dataset/20260305/2ed2071ac5882d677e0f3d308e71a0d247fbb19ab886004f2d46f938a69d68f3.xlsx,https://data.kemendikdasmen.go.id/dataset/persentase-peserta-didik-madrasah-satuan-pendidikan-umum-dengan-kekhasan-agama-dan-satuan-pendidikan-keagamaan-yang-mencapai-standar-kompetensi-minimum-dalam-asesmen-kompetensi-tingkat-nasional-a-literasi-membaca-dan-b-numerasi-2025-indonesia
2025,Prioritas,Persentase Peserta Didik Satuan Pendidikan Formal dan Nonformal yang Mencapai Standar Kompetensi Minimum dalam Asesmen Kompetensi Tingkat Nasional: (a) Literasi Membaca; dan (b) Numerasi,,Indonesia,Pusat Asesmen Pendidikan,Tahunan,2026-03-05,0.02,2025_persentase-peserta-didik-satuan-pendidikan-formal-dan-nonformal-yang-mencapai-standar-komp.xlsx,https://cdn.data-portal.belajar.id/Aset-Dataset/20260305/e92811a1e57c680a50d2a283af4a0a9102eaf92ad10101e9cf6e694fdd4b83a0.xlsx,https://data.kemendikdasmen.go.id/dataset/persentase-peserta-didik-satuan-pendidikan-formal-dan-nonformal-yang-mencapai-standar-kompetensi-minimum-dalam-asesmen-kompetensi-tingkat-nasional-a-literasi-membaca-dan-b-numerasi-2025-indonesia
2025,Prioritas,Persentase Satuan Pendidikan Formal dan Nonformal yang Diakreditasi Sesuai SNP,,Indonesia,Badan Kebijakan Pendidikan Dasar dan Menengah,Tahunan,2026-03-10,0.01,2025_persentase-satuan-pendidikan-formal-dan-nonformal-yang-diakreditasi-sesuai-snp-2025-indone.xlsx,https://cdn.data-portal.belajar.id/Aset-Dataset/20260310/74ba59c42785d27a6ac25175b54447386b223785e4e9252f25bff73cf9ca2580.xlsx,https://data.kemendikdasmen.go.id/dataset/persentase-satuan-pendidikan-formal-dan-nonformal-yang-diakreditasi-sesuai-snp-2025-indonesia
2025,Prioritas,"Persentase Satuan Pendidikan Formal dan Nonformal yang Memenuhi SNP Sarpras, Termasuk Penyediaan Fasilitas untuk  Mendukung Satuan Pendidikan Inklusif",,Indonesia,"Direktorat Jenderal Pendidikan Anak Usia Dini, Pendidikan Dasar, dan Pendidikan Nonformal dan Informal",Tahunan,2026-03-10,0.01,2025_persentase-satuan-pendidikan-formal-dan-nonformal-yang-memenuhi-snp-sarpras-termasuk-penye.xlsx,https://cdn.data-portal.belajar.id/Aset-Dataset/20260310/e9087302bfff2d412cee9cafebf55f5da99c88d06b70db71020829177a5c5a2e.xlsx,https://data.kemendikdasmen.go.id/dataset/persentase-satuan-pendidikan-formal-dan-nonformal-yang-memenuhi-snp-sarpras-termasuk-penyediaan-fasilitas-untuk-mendukung-satuan-pendidikan-inklusif-2025-indonesia
2025,Prioritas,Persentase Satuan Pendidikan Formal dan Nonformal yang Memiliki Program Terkait Peningkatan Kualitas Lingkungan Belajar,,Indonesia,"Direktorat Jenderal Pendidikan Anak Usia Dini, Pendidikan Dasar, dan Pendidikan Nonformal dan Informal",Tahunan,2026-04-13,0.01,2025_persentase-satuan-pendidikan-formal-dan-nonformal-yang-memiliki-program-terkait-peningkata.xlsx,https://cdn.data-portal.belajar.id/Aset-Dataset/20260413/202eb7c6977e19a609b52ef9802670e89fd09c77f22bedb7c2dd3ab8545f1d2f.xlsx,https://data.kemendikdasmen.go.id/dataset/persentase-satuan-pendidikan-formal-dan-nonformal-yang-memiliki-program-terkait-peningkatan-kualitas-lingkungan-belajar-2025-indonesia
2025,Prioritas,Persentase Satuan Pendidikan Formal dan Nonformal yang Menerapkan Kurikulum yang Kontekstual Berpusat pada Peserta Didik serta Fokus pada Karakter dan Kompetensi Esensial,,Indonesia,"Direktorat Jenderal Pendidikan Anak Usia Dini, Pendidikan Dasar, dan Pendidikan Nonformal dan Informal",Tahunan,2026-04-07,0.01,2025_persentase-satuan-pendidikan-formal-dan-nonformal-yang-menerapkan-kurikulum-yang-kontekstu.xlsx,https://cdn.data-portal.belajar.id/Aset-Dataset/20260407/f0be59504e896accc55bdd5cb18af3377c20db610f2ec27e4d35cb5390ff7fbe.xlsx,https://data.kemendikdasmen.go.id/dataset/persentase-satuan-pendidikan-formal-dan-nonformal-yang-menerapkan-kurikulum-yang-kontekstual-berpusat-pada-peserta-didik-serta-fokus-pada-karakter-dan-kompetensi-esensial-2025-indonesia
2025,Prioritas,Persentase Satuan Pendidikan Formal yang Memanfaatkan Komputer dan Internet untuk Tujuan Pembelajaran,,Indonesia,Pusat Data dan Teknologi Informasi,Tahunan,2026-03-09,0.03,2025_persentase-satuan-pendidikan-formal-yang-memanfaatkan-komputer-dan-internet-untuk-tujuan-p.xlsx,https://cdn.data-portal.belajar.id/Aset-Dataset/20260309/8d5da5c8df82097f9a9a99d728409ecf08e00c2b587598628a83b6781e4ca284.xlsx,https://data.kemendikdasmen.go.id/dataset/persentase-satuan-pendidikan-formal-yang-memanfaatkan-komputer-dan-internet-untuk-tujuan-pembelajaran-2025-indonesia
2025,Prioritas,Persentase Satuan Pendidikan dengan Akreditasi Minimal B,,Indonesia,Pusat Data dan Teknologi Informasi,Tahunan,2026-03-09,0.03,2025_persentase-satuan-pendidikan-dengan-akreditasi-minimal-b-2025-indonesia.xlsx,https://cdn.data-portal.belajar.id/Aset-Dataset/20260309/41b349508aa11afcc2efd0772f5a4602f4b8b8794f8c5aaf76fe5d1fcdb63184.xlsx,https://data.kemendikdasmen.go.id/dataset/persentase-satuan-pendidikan-dengan-akreditasi-minimal-b-2025-indonesia
2025,Prioritas,Persentase Satuan Pendidikan yang Memanfaatkan Hasil Asesmen Tingkat Nasional untuk Peningkatan Kualitas Pembelajaran,,Indonesia,"Direktorat Jenderal Pendidikan Anak Usia Dini, Pendidikan Dasar, dan Pendidikan Nonformal dan Informal",Tahunan,2026-04-07,0.01,2025_persentase-satuan-pendidikan-yang-memanfaatkan-hasil-asesmen-tingkat-nasional-untuk-pening.xlsx,https://cdn.data-portal.belajar.id/Aset-Dataset/20260407/1f46bcce1ae3d317f706f64304956464eff1c7b6e7edaf837b0150a4d60a8821.xlsx,https://data.kemendikdasmen.go.id/dataset/persentase-satuan-pendidikan-yang-memanfaatkan-hasil-asesmen-tingkat-nasional-untuk-peningkatan-kualitas-pembelajaran-2025-indonesia
2025,Prioritas,Persentase Satuan Pendidikan yang Mencapai Standar Kompetensi Minimum dalam Asesmen Kompetensi Tingkat Nasional: (a) Literasi Membaca; dan (b) Numerasi,,Indonesia,Pusat Asesmen Pendidikan,Tahunan,2026-03-05,0.02,2025_persentase-satuan-pendidikan-yang-mencapai-standar-kompetensi-minimum-dalam-asesmen-kompet.xlsx,https://cdn.data-portal.belajar.id/Aset-Dataset/20260305/c1881e0e8833d61fb60c417f9dd42f372b6ffa502c6d9b24c45e1c7c3e067451.xlsx,https://data.kemendikdasmen.go.id/dataset/persentase-satuan-pendidikan-yang-mencapai-standar-kompetensi-minimum-dalam-asesmen-kompetensi-tingkat-nasional-a-literasi-membaca-dan-b-numerasi-2025-indonesia
2025,Prioritas,Persentase Sekolah dengan Akses Internet untuk Pengajaran,,,Pusat Data dan Teknologi Informasi,Tahunan,2026-02-25,0.03,2025_persentase-sekolah-dengan-akses-internet-untuk-pengajaran-2025-2.xlsx,https://cdn.data-portal.belajar.id/Aset-Dataset/20260220/7c673ebf4743d851bf8b2fd7d42ad7ed60b06bb51a2bd30f76e42e54852e1b57.xlsx,https://data.kemendikdasmen.go.id/dataset/persentase-sekolah-dengan-akses-internet-untuk-pengajaran-2025-2
2025,Prioritas,Persentase Sekolah dengan Akses Komputer untuk Pengajaran,,,Pusat Data dan Teknologi Informasi,Tahunan,2026-02-25,0.02,2025_persentase-sekolah-dengan-akses-komputer-untuk-pengajaran-2025.xlsx,https://cdn.data-portal.belajar.id/Aset-Dataset/20260223/b9a432f2649508d51a64e7bd4d1322565bddee7b16a3f3b0403a57900f9c775b.xlsx,https://data.kemendikdasmen.go.id/dataset/persentase-sekolah-dengan-akses-komputer-untuk-pengajaran-2025
2025,Prioritas,Persentase Sekolah dengan Akses terhadap Air Minum Layak,,,Pusat Data dan Teknologi Informasi,Tahunan,2026-02-25,0.03,2025_persentase-sekolah-dengan-akses-terhadap-air-minum-layak-2025.xlsx,https://cdn.data-portal.belajar.id/Aset-Dataset/20260223/cb4b396b824c91512d8ad94039d24ab38fbe29f9e54471cf55a0859e92be2934.xlsx,https://data.kemendikdasmen.go.id/dataset/persentase-sekolah-dengan-akses-terhadap-air-minum-layak-2025
2025,Prioritas,Persentase Sekolah dengan Akses terhadap Fasilitas Cuci Tangan,,Indonesia,Pusat Data dan Teknologi Informasi,Tahunan,2026-03-10,0.03,2025_persentase-sekolah-dengan-akses-terhadap-fasilitas-cuci-tangan-2025-indonesia.xlsx,https://cdn.data-portal.belajar.id/Aset-Dataset/20260310/0a150266773935891d7a7e712003274e7c030244ffe6a94aecce3bbc889529fe.xlsx,https://data.kemendikdasmen.go.id/dataset/persentase-sekolah-dengan-akses-terhadap-fasilitas-cuci-tangan-2025-indonesia
2025,Prioritas,Persentase Sekolah dengan Akses terhadap Fasilitas Sanitasi Dasar,,Indonesia,Pusat Data dan Teknologi Informasi,Tahunan,2026-03-10,0.03,2025_persentase-sekolah-dengan-akses-terhadap-fasilitas-sanitasi-dasar-2025-indonesia.xlsx,https://cdn.data-portal.belajar.id/Aset-Dataset/20260310/70bcc03482deb774cf73a878fac06cf844c31fc6b411d32486635364826b4682.xlsx,https://data.kemendikdasmen.go.id/dataset/persentase-sekolah-dengan-akses-terhadap-fasilitas-sanitasi-dasar-2025-indonesia
2025,Prioritas,Persentase satuan pendidikan yang memenuhi SNP (standar nasional pendidikan),,Indonesia,Pusat Data dan Teknologi Informasi,Tahunan,2026-06-07,0.01,2025_persentase-satuan-pendidikan-yang-memenuhi-snp-standar-nasional-pendidikan-2025-indonesia.xlsx,https://cdn.data-portal.belajar.id/Aset-Dataset/20260607/b3eaeadf65b85297713579ec53658b402c33adcdac7746a475b53110a3e3c8ac.xlsx,https://data.kemendikdasmen.go.id/dataset/persentase-satuan-pendidikan-yang-memenuhi-snp-standar-nasional-pendidikan-2025-indonesia
2025,Prioritas,Proporsi Sekolah dengan Akses Terhadap Listrik,,Indonesia,Pusat Data dan Teknologi Informasi,Tahunan,2026-03-10,0.02,2025_proporsi-sekolah-dengan-akses-terhadap-listrik-2025-indonesia.xlsx,https://cdn.data-portal.belajar.id/Aset-Dataset/20260310/057a2239ca571513601197972b2f7643b9b94879edf6e75c8d9fed5f0392bd4f.xlsx,https://data.kemendikdasmen.go.id/dataset/proporsi-sekolah-dengan-akses-terhadap-listrik-2025-indonesia
2025,Prioritas,Rata-rata Nilai Asesmen Tingkat Nasional: Literasi Membaca; Numerasi,,Indonesia,Pusat Asesmen Pendidikan,Tahunan,2026-03-05,0.01,2025_rata-rata-nilai-asesmen-tingkat-nasional-literasi-membaca-numerasi-2025-indonesia.xlsx,https://cdn.data-portal.belajar.id/Aset-Dataset/20260305/9f841f7660c52925bc78411cc9788e6764ab280a6b93f22a22a4581fbb83fb9f.xlsx,https://data.kemendikdasmen.go.id/dataset/rata-rata-nilai-asesmen-tingkat-nasional-literasi-membaca-numerasi-2025-indonesia
2025,Prioritas,"Tingkat Pengarustamaan Pendidikan Kewarganegaraan Global dan Pendidikan untuk Pembangunan Berkelanjutan ke dalam (a) Kebijakan Pendidikan Nasional, (b) Kurikulum, (c) Pendidikan Guru, dan (d) Penilaian Siswa",,Indonesia,Biro Perencanaan,Tahunan,2026-02-25,0.02,2025_tingkat-pengarustamaan-pendidikan-kewarganegaraan-global-dan-pendidikan-untuk-pembangunan-.xlsx,https://cdn.data-portal.belajar.id/Aset-Dataset/20260220/b85b20dce332bb845ac054c3f1a6b662d5f144c8555dd1e9b06ebe1a6d9ebea9.xlsx,https://data.kemendikdasmen.go.id/dataset/tingkat-pengarustamaan-pendidikan-kewarganegaraan-global-dan-pendidikan-untuk-pembangunan-berkelanjutan-ke-dalam-a-kebijakan-pendidikan-nasional-b-kurikulum-c-pendidikan-guru-dan-d-penilaian-siswa-2025-indonesia-2
2025,Prioritas,Total jumlah satuan pendidikan formal dan nonformal,,Indonesia,Pusat Data dan Teknologi Informasi,Tahunan,2026-06-07,0.01,2025_total-jumlah-satuan-pendidikan-formal-dan-nonformal-2025-indonesia.xlsx,https://cdn.data-portal.belajar.id/Aset-Dataset/20260607/eb27190282edeb71535ac9a5d5d0d2b8f1b5fa3c9def54eea905e671fda94f02.xlsx,https://data.kemendikdasmen.go.id/dataset/total-jumlah-satuan-pendidikan-formal-dan-nonformal-2025-indonesia
2025,Prioritas,Total jumlah satuan pendidikan nonformal yang terdaftar dan aktif dalam sistem pendidikan nasional,,Indonesia,Pusat Data dan Teknologi Informasi,Tahunan,2026-06-07,0.01,2025_total-jumlah-satuan-pendidikan-nonformal-yang-terdaftar-dan-aktif-dalam-sistem-pendidikan-.xlsx,https://cdn.data-portal.belajar.id/Aset-Dataset/20260607/fc81cfa79360b5120cc4fb32482b2886a1d553f01039d7e91a3107645e48326e.xlsx,https://data.kemendikdasmen.go.id/dataset/total-jumlah-satuan-pendidikan-nonformal-yang-terdaftar-dan-aktif-dalam-sistem-pendidikan-nasional-2025-indonesia
2024,Prioritas,Indeks Pemanfaatan Bahasa Daerah oleh Penuturnya,,,Badan Pengembangan dan Pembinaan Bahasa,Tahunan,2025-02-03,0.02,2024_indeks-pemanfaatan-bahasa-daerah-oleh-penuturnya-2024.xlsx,https://cdn.data-portal.belajar.id/Aset-Dataset/20250203/47573b1f18aac9e749d923cd8925c646e685393ee411b2b2e95a3e81a5296cb1.xlsx,https://data.kemendikdasmen.go.id/dataset/indeks-pemanfaatan-bahasa-daerah-oleh-penuturnya-2024
2024,Prioritas,Jumlah Pendidik Sekolah Menengah Kejuruan (SMK) yang mendapatkan pelatihan bidang pendidikan,SMK/MAK/Sederajat,,Direktorat Jenderal Pendidikan Vokasi,Tahunan,2025-02-27,0.01,2024_jumlah-pendidik-sekolah-menengah-kejuruan-smk-yang-mendapatkan-pelatihan-bidang-pendidikan.xlsx,https://cdn.data-portal.belajar.id/Aset-Dataset/20250227/d593d2e71846114ce74937677e3a4d1113f6b8f7dfc05ed5f65469d5272f6f9a.xlsx,https://data.kemendikdasmen.go.id/dataset/jumlah-pendidik-sekolah-menengah-kejuruan-smk-yang-mendapatkan-pelatihan-bidang-pendidikan-2024-smk-mak-sederajat
2024,Prioritas,Jumlah Perguruan Tinggi menurut Akreditasi,,,Direktorat Jenderal Pendidikan Tinggi,Tahunan,2025-01-17,0.05,2024_jumlah-perguruan-tinggi-menurut-akreditasi-2024.xlsx,https://cdn.data-portal.belajar.id/Aset-Dataset/20250117/9f57ecd408c2c7e6a24adf10323f683e1554d5ff3596557302641a95f2a5869f.xlsx,https://data.kemendikdasmen.go.id/dataset/jumlah-perguruan-tinggi-menurut-akreditasi-2024
2024,Prioritas,Jumlah Perguruan Tinggi yang masuk ke dalam world class university,,,Direktorat Jenderal Pendidikan Tinggi,Tahunan,2025-01-22,0.01,2024_jumlah-perguruan-tinggi-yang-masuk-ke-dalam-world-class-university-2024.xlsx,https://cdn.data-portal.belajar.id/Aset-Dataset/20250117/1bd287ccab6e149a3b4ea1b29704ce8a7b9e84b7dcdb6232c81f79cb7f002d82.xlsx,https://data.kemendikdasmen.go.id/dataset/jumlah-perguruan-tinggi-yang-masuk-ke-dalam-world-class-university-2024
2024,Prioritas,Jumlah Peserta Ujian Uji Kemahiran Berbahasa Indonesia,,,Badan Pengembangan dan Pembinaan Bahasa,Tahunan,2025-02-03,0.02,2024_jumlah-peserta-ujian-uji-kemahiran-berbahasa-indonesia-2024.xlsx,https://cdn.data-portal.belajar.id/Aset-Dataset/20250203/bb8bf87d769c26ecbd5a5c8aab0439f3cb31ffd899a2cbd30be1deadfee81ee5.xlsx,https://data.kemendikdasmen.go.id/dataset/jumlah-peserta-ujian-uji-kemahiran-berbahasa-indonesia-2024
2024,Prioritas,Jumlah SD yang memiliki fasilitas air minum layak,SD/MI/Sederajat,,Pusat Data dan Teknologi Informasi,Tahunan,2025-02-11,0.01,2024_jumlah-sd-yang-memiliki-fasilitas-air-minum-layak-2024-sd-mi-sederajat.xlsx,https://cdn.data-portal.belajar.id/Aset-Dataset/20250211/311f7b06d4de93177b2aedd449cf263561bf45564881871c3fd3b497e8a84646.xlsx,https://data.kemendikdasmen.go.id/dataset/jumlah-sd-yang-memiliki-fasilitas-air-minum-layak-2024-sd-mi-sederajat
2024,Prioritas,"Jumlah SD yang memiliki fasilitas cuci tangan (terdiri air, sanitasi, dan higienis bagi semua (WASH)",SD/MI/Sederajat,,Pusat Data dan Teknologi Informasi,Tahunan,2025-02-07,0.01,2024_jumlah-sd-yang-memiliki-fasilitas-cuci-tangan-terdiri-air-sanitasi-dan-higienis-bagi-semua.xlsx,https://cdn.data-portal.belajar.id/Aset-Dataset/20250207/8a24c88aecb1e1536814115a3a1d8bdaff20eb84920eb21d7a5e74d79e8f03de.xlsx,https://data.kemendikdasmen.go.id/dataset/jumlah-sd-yang-memiliki-fasilitas-cuci-tangan-terdiri-air-sanitasi-dan-higienis-bagi-semua-wash-2024-sd-mi-sederajat
2024,Prioritas,Jumlah SD yang memiliki fasilitas internet untuk tujuan pengajaran,SD/MI/Sederajat,,Pusat Data dan Teknologi Informasi,Tahunan,2025-01-22,0.01,2024_jumlah-sd-yang-memiliki-fasilitas-internet-untuk-tujuan-pengajaran-2024-sd-mi-sederajat.xlsx,https://cdn.data-portal.belajar.id/Aset-Dataset/20250121/eae88aa986f1e6bdfc71f88eb1120ee19f8ca59e02ca3338effde362aefd3d8e.xlsx,https://data.kemendikdasmen.go.id/dataset/jumlah-sd-yang-memiliki-fasilitas-internet-untuk-tujuan-pengajaran-2024-sd-mi-sederajat
2024,Prioritas,Jumlah SD yang memiliki fasilitas komputer untuk tujuan pengajaran,SD/MI/Sederajat,,Pusat Data dan Teknologi Informasi,Tahunan,2025-01-22,0.01,2024_jumlah-sd-yang-memiliki-fasilitas-komputer-untuk-tujuan-pengajaran-2024.xlsx,https://cdn.data-portal.belajar.id/Aset-Dataset/20250117/9d68b57327a805eddb7c5f26ca98d69abc44f9a2af61799cddf3ddf40bd0d9e1.xlsx,https://data.kemendikdasmen.go.id/dataset/jumlah-sd-yang-memiliki-fasilitas-komputer-untuk-tujuan-pengajaran-2024
2024,Prioritas,Jumlah SD yang memiliki fasilitas listrik,SD/MI/Sederajat,,Pusat Data dan Teknologi Informasi,Tahunan,2025-01-22,0.01,2024_jumlah-sd-yang-memiliki-fasilitas-listrik-2024.xlsx,https://cdn.data-portal.belajar.id/Aset-Dataset/20250117/e383d340dae8a47ce92b5d33d8b351166c55fe8eb1b944cd9dbbe6bc0540ca12.xlsx,https://data.kemendikdasmen.go.id/dataset/jumlah-sd-yang-memiliki-fasilitas-listrik-2024
2024,Prioritas,Jumlah SD yang memiliki fasilitas sanitasi dasar per jenis kelamin,SD/MI/Sederajat,,Pusat Data dan Teknologi Informasi,Tahunan,2025-02-07,0.01,2024_jumlah-sd-yang-memiliki-fasilitas-sanitasi-dasar-per-jenis-kelamin-2024-sd-mi-sederajat.xlsx,https://cdn.data-portal.belajar.id/Aset-Dataset/20250205/d0cc46b0b928c922be3c1342e7293993fe17bd6f95f0394059c4309cac9ba6f9.xlsx,https://data.kemendikdasmen.go.id/dataset/jumlah-sd-yang-memiliki-fasilitas-sanitasi-dasar-per-jenis-kelamin-2024-sd-mi-sederajat
2024,Prioritas,Jumlah SDM perbukuan yang tersertifikasi,,,Badan Kebijakan Pendidikan Dasar dan Menengah,Tahunan,2025-02-07,0.01,2024_jumlah-sdm-perbukuan-yang-tersertifikasi-2024.xlsx,https://cdn.data-portal.belajar.id/Aset-Dataset/20250203/b7afb891e9180a9d23b78c42143c86ed99acc258680fe2fa3f83fc7580f391a6.xlsx,https://data.kemendikdasmen.go.id/dataset/jumlah-sdm-perbukuan-yang-tersertifikasi-2024
2024,Prioritas,Jumlah SLB yang memiliki fasilitas air minum layak,,,Pusat Data dan Teknologi Informasi,Tahunan,2025-02-11,0.01,2024_jumlah-slb-yang-memiliki-fasilitas-air-minum-layak-2024.xlsx,https://cdn.data-portal.belajar.id/Aset-Dataset/20250211/954d01b2c5b3d82cb9f0de135870feda5dd2780e5c0dd99bb9fbe35410b879cf.xlsx,https://data.kemendikdasmen.go.id/dataset/jumlah-slb-yang-memiliki-fasilitas-air-minum-layak-2024
2024,Prioritas,"Jumlah SLB yang memiliki fasilitas cuci tangan (terdiri air, sanitasi, dan higienis bagi semua (WASH)",,,Pusat Data dan Teknologi Informasi,Tahunan,2025-02-07,0.01,2024_jumlah-slb-yang-memiliki-fasilitas-cuci-tangan-terdiri-air-sanitasi-dan-higienis-bagi-semu.xlsx,https://cdn.data-portal.belajar.id/Aset-Dataset/20250207/f167c8a5a173c00c029d1626856a10a28d299b8ff9634602cada59e8de36d448.xlsx,https://data.kemendikdasmen.go.id/dataset/jumlah-slb-yang-memiliki-fasilitas-cuci-tangan-terdiri-air-sanitasi-dan-higienis-bagi-semua-wash-2024
2024,Prioritas,Jumlah SLB yang memiliki fasilitas internet untuk tujuan pengajaran,,,Pusat Data dan Teknologi Informasi,Tahunan,2025-01-22,0.01,2024_jumlah-slb-yang-memiliki-fasilitas-internet-untuk-tujuan-pengajaran-2024.xlsx,https://cdn.data-portal.belajar.id/Aset-Dataset/20250121/f245baa1f98c8e97a7365ef4f7073dbc6eae5ed13628e0a56225ad5b5adc7b6a.xlsx,https://data.kemendikdasmen.go.id/dataset/jumlah-slb-yang-memiliki-fasilitas-internet-untuk-tujuan-pengajaran-2024
2024,Prioritas,Jumlah SLB yang memiliki fasilitas komputer untuk tujuan pengajaran,,,Pusat Data dan Teknologi Informasi,Tahunan,2025-01-22,0.01,2024_jumlah-slb-yang-memiliki-fasilitas-komputer-untuk-tujuan-pengajaran-2024.xlsx,https://cdn.data-portal.belajar.id/Aset-Dataset/20250117/a92eebef2706afd0cbdbf6fafad8b2eac7873a2a53015fdaca925f27ba860efa.xlsx,https://data.kemendikdasmen.go.id/dataset/jumlah-slb-yang-memiliki-fasilitas-komputer-untuk-tujuan-pengajaran-2024
2024,Prioritas,Jumlah SLB yang memiliki fasilitas listrik,,,Pusat Data dan Teknologi Informasi,Tahunan,2025-01-22,0.01,2024_jumlah-slb-yang-memiliki-fasilitas-listrik-2024.xlsx,https://cdn.data-portal.belajar.id/Aset-Dataset/20250117/2a3402ceff00892fd3865641a3746ebc3f6bb93caf4c015cc39c2b7bbd97dd2d.xlsx,https://data.kemendikdasmen.go.id/dataset/jumlah-slb-yang-memiliki-fasilitas-listrik-2024
2024,Prioritas,Jumlah SLB yang memiliki fasilitas sanitasi dasar per jenis kelamin,,,Pusat Data dan Teknologi Informasi,Tahunan,2025-02-07,0.01,2024_jumlah-slb-yang-memiliki-fasilitas-sanitasi-dasar-per-jenis-kelamin-2024.xlsx,https://cdn.data-portal.belajar.id/Aset-Dataset/20250206/84e1df3ce2a2eb8329e73098baab1f21a3eeac45f226b66428b59f99bca6bb41.xlsx,https://data.kemendikdasmen.go.id/dataset/jumlah-slb-yang-memiliki-fasilitas-sanitasi-dasar-per-jenis-kelamin-2024
2024,Prioritas,Jumlah SMA yang memiliki fasilitas air minum layak,SMA/MA/Sederajat,,Pusat Data dan Teknologi Informasi,Tahunan,2025-02-11,0.01,2024_jumlah-sma-yang-memiliki-fasilitas-air-minum-layak-2024-sma-ma-sederajat.xlsx,https://cdn.data-portal.belajar.id/Aset-Dataset/20250211/6502f85e7ee6c5c1edac45697c23ecce685c01f4112bb4b2512a57ad3e725081.xlsx,https://data.kemendikdasmen.go.id/dataset/jumlah-sma-yang-memiliki-fasilitas-air-minum-layak-2024-sma-ma-sederajat
2024,Prioritas,"Jumlah SMA yang memiliki fasilitas cuci tangan (terdiri air, sanitasi, dan higienis bagi semua (WASH)",SMA/MA/Sederajat,,Pusat Data dan Teknologi Informasi,Tahunan,2025-02-07,0.01,2024_jumlah-sma-yang-memiliki-fasilitas-cuci-tangan-terdiri-air-sanitasi-dan-higienis-bagi-semu.xlsx,https://cdn.data-portal.belajar.id/Aset-Dataset/20250207/7fbc3c006449433f35afd9c9cb4f96e8c6fded3ed4c6303c667e726514e88406.xlsx,https://data.kemendikdasmen.go.id/dataset/jumlah-sma-yang-memiliki-fasilitas-cuci-tangan-terdiri-air-sanitasi-dan-higienis-bagi-semua-wash-2024-sma-ma-sederajat
2024,Prioritas,Jumlah SMA yang memiliki fasilitas internet untuk tujuan pengajaran,SMA/MA/Sederajat,,Pusat Data dan Teknologi Informasi,Tahunan,2025-01-22,0.01,2024_jumlah-sma-yang-memiliki-fasilitas-internet-untuk-tujuan-pengajaran-2024-sma-ma-sederajat.xlsx,https://cdn.data-portal.belajar.id/Aset-Dataset/20250121/f2c229075c516f36d50696ac135dda6db83a616af17a00cef85a58e24c6889cd.xlsx,https://data.kemendikdasmen.go.id/dataset/jumlah-sma-yang-memiliki-fasilitas-internet-untuk-tujuan-pengajaran-2024-sma-ma-sederajat
2024,Prioritas,Jumlah SMA yang memiliki fasilitas komputer untuk tujuan pengajaran,SMA/MA/Sederajat,,Pusat Data dan Teknologi Informasi,Tahunan,2025-01-22,0.01,2024_jumlah-sma-yang-memiliki-fasilitas-komputer-untuk-tujuan-pengajaran-2024.xlsx,https://cdn.data-portal.belajar.id/Aset-Dataset/20250117/4685e776e6208744fb8600a00c21b9364f1d861d928eca3e9fbd865dc4303c5b.xlsx,https://data.kemendikdasmen.go.id/dataset/jumlah-sma-yang-memiliki-fasilitas-komputer-untuk-tujuan-pengajaran-2024
2024,Prioritas,Jumlah SMA yang memiliki fasilitas listrik,SMA/MA/Sederajat,,Pusat Data dan Teknologi Informasi,Tahunan,2025-01-22,0.01,2024_jumlah-sma-yang-memiliki-fasilitas-listrik-2024.xlsx,https://cdn.data-portal.belajar.id/Aset-Dataset/20250117/dabf11a8493a271291f26f29055bf6cb9194a5c6443be54b6ad248fddc1fb3ae.xlsx,https://data.kemendikdasmen.go.id/dataset/jumlah-sma-yang-memiliki-fasilitas-listrik-2024
2024,Prioritas,Jumlah SMA yang memiliki fasilitas sanitasi dasar per jenis kelamin,SMA/MA/Sederajat,,Pusat Data dan Teknologi Informasi,Tahunan,2025-02-07,0.01,2024_jumlah-sma-yang-memiliki-fasilitas-sanitasi-dasar-per-jenis-kelamin-2024-sma-ma-sederajat.xlsx,https://cdn.data-portal.belajar.id/Aset-Dataset/20250206/986a724469c0fb3e44122a529df3b2358966b22554ba22fb2a359bd6060d20c3.xlsx,https://data.kemendikdasmen.go.id/dataset/jumlah-sma-yang-memiliki-fasilitas-sanitasi-dasar-per-jenis-kelamin-2024-sma-ma-sederajat
2024,Prioritas,Jumlah SMK yang memiliki fasilitas air minum layak,SMK/MAK/Sederajat,,Pusat Data dan Teknologi Informasi,Tahunan,2025-02-11,0.01,2024_jumlah-smk-yang-memiliki-fasilitas-air-minum-layak-2024-smk-mak-sederajat.xlsx,https://cdn.data-portal.belajar.id/Aset-Dataset/20250211/98312bd639543b61d09b6f0ef10b467069fefae9768c734866f7dfd74bfa6ecf.xlsx,https://data.kemendikdasmen.go.id/dataset/jumlah-smk-yang-memiliki-fasilitas-air-minum-layak-2024-smk-mak-sederajat
2024,Prioritas,"Jumlah SMK yang memiliki fasilitas cuci tangan (terdiri air, sanitasi, dan higienis bagi semua (WASH)",SMK/MAK/Sederajat,,Pusat Data dan Teknologi Informasi,Tahunan,2025-02-07,0.01,2024_jumlah-smk-yang-memiliki-fasilitas-cuci-tangan-terdiri-air-sanitasi-dan-higienis-bagi-semu.xlsx,https://cdn.data-portal.belajar.id/Aset-Dataset/20250207/e85d37bfed3397be1f7eb90ac41c9e7f1cbcde85640448cbdb1b100f946e19f0.xlsx,https://data.kemendikdasmen.go.id/dataset/jumlah-smk-yang-memiliki-fasilitas-cuci-tangan-terdiri-air-sanitasi-dan-higienis-bagi-semua-wash-2024-smk-mak-sederajat
2024,Prioritas,Jumlah SMK yang memiliki fasilitas internet untuk tujuan pengajaran,SMK/MAK/Sederajat,,Pusat Data dan Teknologi Informasi,Tahunan,2025-01-22,0.01,2024_jumlah-smk-yang-memiliki-fasilitas-internet-untuk-tujuan-pengajaran-2024-smk-mak-sederajat.xlsx,https://cdn.data-portal.belajar.id/Aset-Dataset/20250121/41df0d57501b79e3586de63c7fb70c1f130120eee60eaf5ab5bc830352bb938a.xlsx,https://data.kemendikdasmen.go.id/dataset/jumlah-smk-yang-memiliki-fasilitas-internet-untuk-tujuan-pengajaran-2024-smk-mak-sederajat
2024,Prioritas,Jumlah SMK yang memiliki fasilitas komputer untuk tujuan pengajaran,SMK/MAK/Sederajat,,Pusat Data dan Teknologi Informasi,Tahunan,2025-01-22,0.01,2024_jumlah-smk-yang-memiliki-fasilitas-komputer-untuk-tujuan-pengajaran-2024.xlsx,https://cdn.data-portal.belajar.id/Aset-Dataset/20250117/1269f6b504c6eb2176d3d06c55eaef603e93fa8334c753dc9a23e1abaacbb4d1.xlsx,https://data.kemendikdasmen.go.id/dataset/jumlah-smk-yang-memiliki-fasilitas-komputer-untuk-tujuan-pengajaran-2024
2024,Prioritas,Jumlah SMK yang memiliki fasilitas listrik,SMK/MAK/Sederajat,,Pusat Data dan Teknologi Informasi,Tahunan,2025-01-22,0.01,2024_jumlah-smk-yang-memiliki-fasilitas-listrik-2024.xlsx,https://cdn.data-portal.belajar.id/Aset-Dataset/20250117/ee99159195bfb45122fdb567f1066a53f2d7507239e4948b4aa2e5d92bf38046.xlsx,https://data.kemendikdasmen.go.id/dataset/jumlah-smk-yang-memiliki-fasilitas-listrik-2024
2024,Prioritas,Jumlah SMK yang memiliki fasilitas sanitasi dasar per jenis kelamin,SMK/MAK/Sederajat,,Pusat Data dan Teknologi Informasi,Tahunan,2025-02-07,0.01,2024_jumlah-smk-yang-memiliki-fasilitas-sanitasi-dasar-per-jenis-kelamin-2024-smk-mak-sederajat.xlsx,https://cdn.data-portal.belajar.id/Aset-Dataset/20250206/b8405472fec6484da224e729966e43a802a256a6d13ab8ab1a7b38d29168d8e1.xlsx,https://data.kemendikdasmen.go.id/dataset/jumlah-smk-yang-memiliki-fasilitas-sanitasi-dasar-per-jenis-kelamin-2024-smk-mak-sederajat
2024,Prioritas,Jumlah SMK yang mendapatkan pembinaan untuk meningkatkan kualitas pembelajaran,SMK/MAK/Sederajat,,Direktorat Jenderal Pendidikan Vokasi,Tahunan,2025-02-27,0.01,2024_jumlah-smk-yang-mendapatkan-pembinaan-untuk-meningkatkan-kualitas-pembelajaran-2024-smk-ma.xlsx,https://cdn.data-portal.belajar.id/Aset-Dataset/20250227/eaf87e660a68681822db68f6490ad13bdba2bd3ef42b3334561dc83d5fc8c816.xlsx,https://data.kemendikdasmen.go.id/dataset/jumlah-smk-yang-mendapatkan-pembinaan-untuk-meningkatkan-kualitas-pembelajaran-2024-smk-mak-sederajat
2024,Prioritas,Jumlah SMP yang memiliki fasilitas air minum layak,SMP/MTs/Sederajat,,Pusat Data dan Teknologi Informasi,Tahunan,2025-02-11,0.01,2024_jumlah-smp-yang-memiliki-fasilitas-air-minum-layak-2024-smp-mts-sederajat.xlsx,https://cdn.data-portal.belajar.id/Aset-Dataset/20250211/226da834a8cb76c19adead9b37243eb0c40e1f489067358630524256dcf12106.xlsx,https://data.kemendikdasmen.go.id/dataset/jumlah-smp-yang-memiliki-fasilitas-air-minum-layak-2024-smp-mts-sederajat
2024,Prioritas,"Jumlah SMP yang memiliki fasilitas cuci tangan (terdiri air, sanitasi, dan higienis bagi semua (WASH)",SMP/MTs/Sederajat,,Pusat Data dan Teknologi Informasi,Tahunan,2025-02-07,0.01,2024_jumlah-smp-yang-memiliki-fasilitas-cuci-tangan-terdiri-air-sanitasi-dan-higienis-bagi-semu.xlsx,https://cdn.data-portal.belajar.id/Aset-Dataset/20250207/29fcb51854d045063c3c657b183d14c736be5148628015645419083aadfcdbee.xlsx,https://data.kemendikdasmen.go.id/dataset/jumlah-smp-yang-memiliki-fasilitas-cuci-tangan-terdiri-air-sanitasi-dan-higienis-bagi-semua-wash-2024-smp-mts-sederajat
2024,Prioritas,Jumlah SMP yang memiliki fasilitas internet untuk tujuan pengajaran,SMP/MTs/Sederajat,,Pusat Data dan Teknologi Informasi,Tahunan,2025-01-22,0.01,2024_jumlah-smp-yang-memiliki-fasilitas-internet-untuk-tujuan-pengajaran-2024-smp-mts-sederajat.xlsx,https://cdn.data-portal.belajar.id/Aset-Dataset/20250121/617269e5e469ce18ba7110afb8d5b06aecca682d92d33a3370ad96f9b650864e.xlsx,https://data.kemendikdasmen.go.id/dataset/jumlah-smp-yang-memiliki-fasilitas-internet-untuk-tujuan-pengajaran-2024-smp-mts-sederajat
2024,Prioritas,Jumlah SMP yang memiliki fasilitas komputer untuk tujuan pengajaran,SMP/MTs/Sederajat,,Pusat Data dan Teknologi Informasi,Tahunan,2025-01-22,0.01,2024_jumlah-smp-yang-memiliki-fasilitas-komputer-untuk-tujuan-pengajaran-2024.xlsx,https://cdn.data-portal.belajar.id/Aset-Dataset/20250117/1bfe44c3b4b473708914fc24dbdc3e03bd69eb325510edb9e84468a866b27e34.xlsx,https://data.kemendikdasmen.go.id/dataset/jumlah-smp-yang-memiliki-fasilitas-komputer-untuk-tujuan-pengajaran-2024
2024,Prioritas,Jumlah SMP yang memiliki fasilitas listrik,SMP/MTs/Sederajat,,Pusat Data dan Teknologi Informasi,Tahunan,2025-01-22,0.01,2024_jumlah-smp-yang-memiliki-fasilitas-listrik-2024.xlsx,https://cdn.data-portal.belajar.id/Aset-Dataset/20250117/327356e510dcf3196460f299b63391f14cdb4a9d004cb2bee4697bfba04d22dc.xlsx,https://data.kemendikdasmen.go.id/dataset/jumlah-smp-yang-memiliki-fasilitas-listrik-2024
2024,Prioritas,Jumlah SMP yang memiliki fasilitas sanitasi dasar per jenis kelamin,SMP/MTs/Sederajat,,Pusat Data dan Teknologi Informasi,Tahunan,2025-02-07,0.01,2024_jumlah-smp-yang-memiliki-fasilitas-sanitasi-dasar-per-jenis-kelamin-2024-smp-mts-sederajat.xlsx,https://cdn.data-portal.belajar.id/Aset-Dataset/20250206/9b43ae9729a413fac812fcff30deb270cc09bd3202954b64d7c8787829d207f6.xlsx,https://data.kemendikdasmen.go.id/dataset/jumlah-smp-yang-memiliki-fasilitas-sanitasi-dasar-per-jenis-kelamin-2024-smp-mts-sederajat
2024,Prioritas,Jumlah Satuan Pendidikan SLB,,,Pusat Data dan Teknologi Informasi,Tahunan,2025-01-22,0.01,2024_jumlah-satuan-pendidikan-slb-2024.xlsx,https://cdn.data-portal.belajar.id/Aset-Dataset/20250121/4052dbc42650f8be8855eba8bf11185a658ec37d2ca81ecbf866364f5510f28e.xlsx,https://data.kemendikdasmen.go.id/dataset/jumlah-satuan-pendidikan-slb-2024
2024,Prioritas,Jumlah Satuan Pendidikan SMA,SMA/MA/Sederajat,,Pusat Data dan Teknologi Informasi,Tahunan,2025-01-22,0.01,2024_jumlah-satuan-pendidikan-sma-2024-sma-ma-sederajat.xlsx,https://cdn.data-portal.belajar.id/Aset-Dataset/20250121/bc60fcc11f8be2bf3b3fab4f77b49ecd5363b2a7c88ad919f100b4d89ebdc1ac.xlsx,https://data.kemendikdasmen.go.id/dataset/jumlah-satuan-pendidikan-sma-2024-sma-ma-sederajat
2024,Prioritas,Jumlah Satuan Pendidikan SMK,SMK/MAK/Sederajat,,Pusat Data dan Teknologi Informasi,Tahunan,2025-01-22,0.01,2024_jumlah-satuan-pendidikan-smk-2024-smk-mak-sederajat.xlsx,https://cdn.data-portal.belajar.id/Aset-Dataset/20250121/1cc22b0456562a3932ef95daf77a9f4d14158cde4a1073c77a3d3fe2aa64361e.xlsx,https://data.kemendikdasmen.go.id/dataset/jumlah-satuan-pendidikan-smk-2024-smk-mak-sederajat
2024,Prioritas,Jumlah Satuan Pendidikan SMP,SMP/MTs/Sederajat,,Pusat Data dan Teknologi Informasi,Tahunan,2025-01-22,0.01,2024_jumlah-satuan-pendidikan-smp-2024-smp-mts-sederajat.xlsx,https://cdn.data-portal.belajar.id/Aset-Dataset/20250121/af3b6e506bb55e17fe02833342324ae70a1dd05f89aec981bc67465ccb541af7.xlsx,https://data.kemendikdasmen.go.id/dataset/jumlah-satuan-pendidikan-smp-2024-smp-mts-sederajat
2024,Prioritas,Jumlah Satuan Pendidikan TK,,,Pusat Data dan Teknologi Informasi,Tahunan,2025-01-22,0.01,2024_jumlah-satuan-pendidikan-tk-2024.xlsx,https://cdn.data-portal.belajar.id/Aset-Dataset/20250121/5028d10f1319e18b3cb04c5994c17e675aa688511cfed0a7cf593c567ad496d9.xlsx,https://data.kemendikdasmen.go.id/dataset/jumlah-satuan-pendidikan-tk-2024
2024,Prioritas,Jumlah Sekolah Luar Biasa (SLB) berdasarkan Layanan Pendidikan,,,Pusat Data dan Teknologi Informasi,Tahunan,2025-02-11,0.06,2024_jumlah-sekolah-luar-biasa-slb-berdasarkan-layanan-pendidikan-2024.xlsx,https://cdn.data-portal.belajar.id/Aset-Dataset/20250211/f9a5db2d091f9ca8e3fbe2de1dac193f3cb673354060d914889a5faa72a33a92.xlsx,https://data.kemendikdasmen.go.id/dataset/jumlah-sekolah-luar-biasa-slb-berdasarkan-layanan-pendidikan-2024
2024,Prioritas,Jumlah anak tidak sekolah pada SD/sederajat dikarenakan putus sekolah atau lulus tidak melanjutkan,SD/MI/Sederajat,,Pusat Data dan Teknologi Informasi,Tahunan,2025-02-07,0.01,2024_jumlah-anak-tidak-sekolah-pada-sd-sederajat-dikarenakan-putus-sekolah-atau-lulus-tidak-mel.xlsx,https://cdn.data-portal.belajar.id/Aset-Dataset/20250206/02bd3deeef19a22c0e77d8112ce38aa97d1b16c23d3c6ab28bc8094078282adf.xlsx,https://data.kemendikdasmen.go.id/dataset/jumlah-anak-tidak-sekolah-pada-sd-sederajat-dikarenakan-putus-sekolah-atau-lulus-tidak-melanjutkan-2024-sd-mi-sederajat
2024,Prioritas,Jumlah anak tidak sekolah pada SMA/sederajat dikarenakan putus sekolah atau lulus tidak melanjutkan,SMA/MA/Sederajat,,Pusat Data dan Teknologi Informasi,Tahunan,2025-02-07,0.01,2024_jumlah-anak-tidak-sekolah-pada-sma-sederajat-dikarenakan-putus-sekolah-atau-lulus-tidak-me.xlsx,https://cdn.data-portal.belajar.id/Aset-Dataset/20250206/fa0b233e029611cf713f30eeb41992b5517ab8a50584e4cba565b2e25e733818.xlsx,https://data.kemendikdasmen.go.id/dataset/jumlah-anak-tidak-sekolah-pada-sma-sederajat-dikarenakan-putus-sekolah-atau-lulus-tidak-melanjutkan-2024-sma-ma-sederajat
2024,Prioritas,Jumlah anak tidak sekolah pada SMP/sederajat dikarenakan putus sekolah atau lulus tidak melanjutkan,SMP/MTs/Sederajat,,Pusat Data dan Teknologi Informasi,Tahunan,2025-02-07,0.01,2024_jumlah-anak-tidak-sekolah-pada-smp-sederajat-dikarenakan-putus-sekolah-atau-lulus-tidak-me.xlsx,https://cdn.data-portal.belajar.id/Aset-Dataset/20250206/e19f11945eb30174f126f827d1ea4ff2772baea66fbff1a9e62adef5ad19cc36.xlsx,https://data.kemendikdasmen.go.id/dataset/jumlah-anak-tidak-sekolah-pada-smp-sederajat-dikarenakan-putus-sekolah-atau-lulus-tidak-melanjutkan-2024-smp-mts-sederajat
2024,Prioritas,Jumlah anak yang mencapai standar kompetensi minimal asesmen kompetensi pada aspek literasi,,,Badan Kebijakan Pendidikan Dasar dan Menengah,Tahunan,2025-01-24,0.01,2024_jumlah-anak-yang-mencapai-standar-kompetensi-minimal-asesmen-kompetensi-pada-aspek-literas.xlsx,https://cdn.data-portal.belajar.id/Aset-Dataset/20250124/c04c2cdfd6f149eb43b44cdfd92feafe800e4ebc47f3ca7cba9384b9b802e142.xlsx,https://data.kemendikdasmen.go.id/dataset/jumlah-anak-yang-mencapai-standar-kompetensi-minimal-asesmen-kompetensi-pada-aspek-literasi-2024
2024,Prioritas,Jumlah anak yang mencapai standar kompetensi minimal asesmen kompetensi pada aspek numerasi,,,Pusat Asesmen Pendidikan,Tahunan,2025-01-24,0.01,2024_jumlah-anak-yang-mencapai-standar-kompetensi-minimal-asesmen-kompetensi-pada-aspek-numeras.xlsx,https://cdn.data-portal.belajar.id/Aset-Dataset/20250124/36c9f568e06bb4cdb1009734a7d8cd18145fb9765091ba74d66373d8a20a95ff.xlsx,https://data.kemendikdasmen.go.id/dataset/jumlah-anak-yang-mencapai-standar-kompetensi-minimal-asesmen-kompetensi-pada-aspek-numerasi-2024
2024,Prioritas,Jumlah anak yang mengikuti asesmen kompetensi pada aspek literasi,,,Pusat Asesmen Pendidikan,Tahunan,2025-01-24,0.02,2024_jumlah-anak-yang-mengikuti-asesmen-kompetensi-pada-aspek-literasi-2024.xlsx,https://cdn.data-portal.belajar.id/Aset-Dataset/20250124/6327ce3fd3ced7ec2974dcf7d839a4d1c655e3c752e424d4e6f457bd9f3a4d7d.xlsx,https://data.kemendikdasmen.go.id/dataset/jumlah-anak-yang-mengikuti-asesmen-kompetensi-pada-aspek-literasi-2024
2024,Prioritas,Jumlah anak yang mengikuti asesmen kompetensi pada aspek numerasi,,,Pusat Asesmen Pendidikan,Tahunan,2025-01-24,0.02,2024_jumlah-anak-yang-mengikuti-asesmen-kompetensi-pada-aspek-numerasi-2024.xlsx,https://cdn.data-portal.belajar.id/Aset-Dataset/20250124/49085013729cad94abce466a0c6d69039854cd834e2b3ea68e8ebdf9c7ed3008.xlsx,https://data.kemendikdasmen.go.id/dataset/jumlah-anak-yang-mengikuti-asesmen-kompetensi-pada-aspek-numerasi-2024
2024,Prioritas,Jumlah bantuan resmi Pemerintah Indonesia kepada mahasiswa asing penerima beasiswa kemitraan negara berkembang,,,Direktorat Jenderal Pendidikan Tinggi,Tahunan,2025-03-10,0.02,2024_jumlah-bantuan-resmi-pemerintah-indonesia-kepada-mahasiswa-asing-penerima-beasiswa-kemitra.xlsx,https://cdn.data-portal.belajar.id/Aset-Dataset/20250307/135b7eae47d178109a9794b04912671fb1103fde6f8defbb37be1a2dc3a3fa0a.xlsx,https://data.kemendikdasmen.go.id/dataset/jumlah-bantuan-resmi-pemerintah-indonesia-kepada-mahasiswa-asing-penerima-beasiswa-kemitraan-negara-berkembang-2024
2024,Prioritas,"Jumlah guru di jenjang PAUD/sederajat, TK/sederajat, SD/sederajat, SMP/ sederajat, dan SMA/sederajat dan SMK/sederajat berdasarkan status kepegawaian",,,Pusat Data dan Teknologi Informasi,Tahunan,2025-02-07,0.21,2024_jumlah-guru-di-jenjang-paud-sederajat-tk-sederajat-sd-sederajat-smp-sederajat-dan-sma-sede.xlsx,https://cdn.data-portal.belajar.id/Aset-Dataset/20250203/7b5c6d768d1c96275ff036161d4f34e5868bacf72cf0f7f9571d497e2c04b721.xlsx,https://data.kemendikdasmen.go.id/dataset/jumlah-guru-di-jenjang-paud-sederajat-tk-sederajat-sd-sederajat-smp-sederajat-dan-sma-sederajat-dan-smk-sederajat-berdasarkan-status-kepegawaian-2024
2024,Prioritas,Jumlah guru di sekolah luar biasa (SLB) berdasarkan status kepegawaian,,,Pusat Data dan Teknologi Informasi,Tahunan,2025-02-07,0.04,2024_jumlah-guru-di-sekolah-luar-biasa-slb-berdasarkan-status-kepegawaian-2024.xlsx,https://cdn.data-portal.belajar.id/Aset-Dataset/20250203/4e57038fa718d0e02cd76fdb71bbe1b5490e64219fbba31a812e9485e9b67ac3.xlsx,https://data.kemendikdasmen.go.id/dataset/jumlah-guru-di-sekolah-luar-biasa-slb-berdasarkan-status-kepegawaian-2024
2024,Prioritas,Jumlah kab/kota yang difasilitasi dana transfer daerah bidang pendidikan,,,Pusat Data dan Teknologi Informasi,Tahunan,2025-02-03,0.01,2024_jumlah-kab-kota-yang-difasilitasi-dana-transfer-daerah-bidang-pendidikan-2024.xlsx,https://cdn.data-portal.belajar.id/Aset-Dataset/20250131/a5b929a5b5abe25bd6bbc70535ab0e0601fed7a9c75a52110854029a735270e2.xlsx,https://data.kemendikdasmen.go.id/dataset/jumlah-kab-kota-yang-difasilitasi-dana-transfer-daerah-bidang-pendidikan-2024
2024,Prioritas,Jumlah kab/kota yang menyediakan layanan PAUD-HI,,,Pusat Data dan Teknologi Informasi,Tahunan,2025-01-31,0.01,2024_jumlah-kab-kota-yang-menyediakan-layanan-paud-hi-2024.xlsx,https://cdn.data-portal.belajar.id/Aset-Dataset/20250131/f3b6becd4a6429adc094b6c55db25e94e84af71e372dd6d1d25057b14e881206.xlsx,https://data.kemendikdasmen.go.id/dataset/jumlah-kab-kota-yang-menyediakan-layanan-paud-hi-2024
2024,Prioritas,Jumlah kabupaten/kota yang menerapkan ekstrakurikuler pada satuan pendidikan,,,Pusat Data dan Teknologi Informasi,Tahunan,2025-02-27,0.04,2024_jumlah-kabupaten-kota-yang-menerapkan-ekstrakurikuler-pada-satuan-pendidikan-2024.xlsx,https://cdn.data-portal.belajar.id/Aset-Dataset/20250227/590a8ec830679fe53ed12b2f3dba68d9c8969beaf824a37373b7070419a560a0.xlsx,https://data.kemendikdasmen.go.id/dataset/jumlah-kabupaten-kota-yang-menerapkan-ekstrakurikuler-pada-satuan-pendidikan-2024
2024,Prioritas,Jumlah kesepakatan kerja sama antara industri/swasta dengan satuan pendidikan vokasi,SMK/MAK/Sederajat,,Direktorat Jenderal Pendidikan Vokasi,Tahunan,2025-02-27,0.01,2024_jumlah-kesepakatan-kerja-sama-antara-industri-swasta-dengan-satuan-pendidikan-vokasi-2024-.xlsx,https://cdn.data-portal.belajar.id/Aset-Dataset/20250227/6738278de01f7955fcd643c9dbdf199a44b375ef5b5d353db3ba8d64816ef4da.xlsx,https://data.kemendikdasmen.go.id/dataset/jumlah-kesepakatan-kerja-sama-antara-industri-swasta-dengan-satuan-pendidikan-vokasi-2024-smk-mak-sederajat
2024,Prioritas,Jumlah lembaga/satuan pendidikan yang ditingkatkan kualitas sarana prasarananya,,,Pusat Data dan Teknologi Informasi,Tahunan,2025-02-03,0.03,2024_jumlah-lembaga-satuan-pendidikan-yang-ditingkatkan-kualitas-sarana-prasarananya-2024.xlsx,https://cdn.data-portal.belajar.id/Aset-Dataset/20250131/61a97a60a6da4264da82a7ab2eed82202fc96227deac9ba179fb16b1180ab6e9.xlsx,https://data.kemendikdasmen.go.id/dataset/jumlah-lembaga-satuan-pendidikan-yang-ditingkatkan-kualitas-sarana-prasarananya-2024
2024,Prioritas,Jumlah negara yang mengajarkan bahasa Indonesia,,,Badan Pengembangan dan Pembinaan Bahasa,Tahunan,2025-02-03,0.02,2024_jumlah-negara-yang-mengajarkan-bahasa-indonesia-2024.xlsx,https://cdn.data-portal.belajar.id/Aset-Dataset/20250203/f9f2250baada17e6386735973c2bcc5b47a535a7287e03a23cd0725838e0132c.xlsx,https://data.kemendikdasmen.go.id/dataset/jumlah-negara-yang-mengajarkan-bahasa-indonesia-2024
2024,Prioritas,Jumlah pemelajar Bahasa Indonesia bagi Penutur Asing (BIPA),,,Badan Pengembangan dan Pembinaan Bahasa,Tahunan,2025-02-03,0.02,2024_jumlah-pemelajar-bahasa-indonesia-bagi-penutur-asing-bipa-2024.xlsx,https://cdn.data-portal.belajar.id/Aset-Dataset/20250203/31cb20412715d204da1b583c98438b9b83fc5603eddea3289c96590901de05db.xlsx,https://data.kemendikdasmen.go.id/dataset/jumlah-pemelajar-bahasa-indonesia-bagi-penutur-asing-bipa-2024
2024,Prioritas,Jumlah pendidik (dosen) pendidikan tinggi berkualifikasi S3,,Indonesia,Direktorat Jenderal Pendidikan Tinggi,Tahunan,2025-01-17,0.12,2024_jumlah-pendidik-dosen-pendidikan-tinggi-berkualifikasi-s3-2024-indonesia.xlsx,https://cdn.data-portal.belajar.id/Aset-Dataset/20250117/753e4a6c33dbcafa1e1a273981faa069f96afc5a559d76410be23320e1de6898.xlsx,https://data.kemendikdasmen.go.id/dataset/jumlah-pendidik-dosen-pendidikan-tinggi-berkualifikasi-s3-2024-indonesia
2024,Prioritas,Jumlah pendidik SD,SD/MI/Sederajat,,Pusat Data dan Teknologi Informasi,Tahunan,2025-01-22,0.01,2024_jumlah-pendidik-sd-2024.xlsx,https://cdn.data-portal.belajar.id/Aset-Dataset/20250117/1721a72a5ce12737dad8ce9b7bdfacae2e9502ba41d58cc92e7b599e51ee6d5a.xlsx,https://data.kemendikdasmen.go.id/dataset/jumlah-pendidik-sd-2024
2024,Prioritas,Jumlah pendidik SD dengan kualifikasi pendidikan minimal D4/S1,SD/MI/Sederajat,,Pusat Data dan Teknologi Informasi,Tahunan,2025-01-22,0.01,2024_jumlah-pendidik-sd-dengan-kualifikasi-pendidikan-minimal-d4-s1-2024.xlsx,https://cdn.data-portal.belajar.id/Aset-Dataset/20250117/f367f8b9a7e01c39c78fc93284628a0bce6b979421ef0c69922c80e0c9342339.xlsx,https://data.kemendikdasmen.go.id/dataset/jumlah-pendidik-sd-dengan-kualifikasi-pendidikan-minimal-d4-s1-2024
2024,Prioritas,Jumlah pendidik SD yang memiliki sertifikat pendidik,SD/MI/Sederajat,,Pusat Data dan Teknologi Informasi,Tahunan,2025-01-22,0.01,2024_jumlah-pendidik-sd-yang-memiliki-sertifikat-pendidik-2024.xlsx,https://cdn.data-portal.belajar.id/Aset-Dataset/20250117/4ff295d4b75b4791dafa59bf48607cf133c875fe6322aa8884828b56dae25a3d.xlsx,https://data.kemendikdasmen.go.id/dataset/jumlah-pendidik-sd-yang-memiliki-sertifikat-pendidik-2024
2024,Prioritas,Jumlah pendidik SLB,,,Pusat Data dan Teknologi Informasi,Tahunan,2025-01-22,0.01,2024_jumlah-pendidik-slb-2024.xlsx,https://cdn.data-portal.belajar.id/Aset-Dataset/20250117/c89cd9a2b8382aa8557c506f29c145afeac9269ef3b4059631ceba3dd54d1eec.xlsx,https://data.kemendikdasmen.go.id/dataset/jumlah-pendidik-slb-2024
2024,Prioritas,Jumlah pendidik SLB dengan kualifikasi pendidikan minimal D4/S1,,,Pusat Data dan Teknologi Informasi,Tahunan,2025-01-22,0.01,2024_jumlah-pendidik-slb-dengan-kualifikasi-pendidikan-minimal-d4-s1-2024.xlsx,https://cdn.data-portal.belajar.id/Aset-Dataset/20250117/04a7454e683f58befce056549c1b8754c4bd33f1d1f7b59f78f564b5a4531819.xlsx,https://data.kemendikdasmen.go.id/dataset/jumlah-pendidik-slb-dengan-kualifikasi-pendidikan-minimal-d4-s1-2024
2024,Prioritas,Jumlah pendidik SLB yang memiliki sertifikat pendidik,,,Pusat Data dan Teknologi Informasi,Tahunan,2025-01-22,0.01,2024_jumlah-pendidik-slb-yang-memiliki-sertifikat-pendidik-2024.xlsx,https://cdn.data-portal.belajar.id/Aset-Dataset/20250117/3b8652660003ae1dc7596601178e066f15134a994057a1b2f82f50c25cdb7478.xlsx,https://data.kemendikdasmen.go.id/dataset/jumlah-pendidik-slb-yang-memiliki-sertifikat-pendidik-2024
2024,Prioritas,Jumlah pendidik SMA,SMA/MA/Sederajat,,Pusat Data dan Teknologi Informasi,Tahunan,2025-01-22,0.01,2024_jumlah-pendidik-sma-2024.xlsx,https://cdn.data-portal.belajar.id/Aset-Dataset/20250117/cc2364480b6d5eb84fb11b160b4b7eff24770119f0bde81ce444929d510f90dd.xlsx,https://data.kemendikdasmen.go.id/dataset/jumlah-pendidik-sma-2024
2024,Prioritas,Jumlah pendidik SMA dengan kualifikasi pendidikan minimal D4/S1,SMA/MA/Sederajat,,Pusat Data dan Teknologi Informasi,Tahunan,2025-01-22,0.01,2024_jumlah-pendidik-sma-dengan-kualifikasi-pendidikan-minimal-d4-s1-2024.xlsx,https://cdn.data-portal.belajar.id/Aset-Dataset/20250117/8937a5c7f407856bf83fac22a455b8e7bc0d28d5840832dc59f8d12ed93c1976.xlsx,https://data.kemendikdasmen.go.id/dataset/jumlah-pendidik-sma-dengan-kualifikasi-pendidikan-minimal-d4-s1-2024
2024,Prioritas,Jumlah pendidik SMA yang memiliki sertifikat pendidik,SMA/MA/Sederajat,,Pusat Data dan Teknologi Informasi,Tahunan,2025-01-22,0.01,2024_jumlah-pendidik-sma-yang-memiliki-sertifikat-pendidik-2024.xlsx,https://cdn.data-portal.belajar.id/Aset-Dataset/20250117/d72f8442a8e5cca3c64763900b47409a54ecaddd9f1c20bb3474955d87ca19e6.xlsx,https://data.kemendikdasmen.go.id/dataset/jumlah-pendidik-sma-yang-memiliki-sertifikat-pendidik-2024
2024,Prioritas,Jumlah pendidik SMK,SMK/MAK/Sederajat,,Pusat Data dan Teknologi Informasi,Tahunan,2025-01-22,0.01,2024_jumlah-pendidik-smk-2024.xlsx,https://cdn.data-portal.belajar.id/Aset-Dataset/20250117/8e4a182ec82ca2c2244a3d27e6bb59eadc7ab5b04704ba0d5e64e327961303a7.xlsx,https://data.kemendikdasmen.go.id/dataset/jumlah-pendidik-smk-2024
2024,Prioritas,Jumlah pendidik SMK dengan kualifikasi pendidikan minimal D4/S1,SMK/MAK/Sederajat,,Pusat Data dan Teknologi Informasi,Tahunan,2025-01-22,0.01,2024_jumlah-pendidik-smk-dengan-kualifikasi-pendidikan-minimal-d4-s1-2024.xlsx,https://cdn.data-portal.belajar.id/Aset-Dataset/20250117/f417b2e70d88a06093625edb4e6f8ddcdefc112238f9cc82daf3c45b70b4c790.xlsx,https://data.kemendikdasmen.go.id/dataset/jumlah-pendidik-smk-dengan-kualifikasi-pendidikan-minimal-d4-s1-2024
2024,Prioritas,Jumlah pendidik SMK yang memiliki sertifikat pendidik,SMK/MAK/Sederajat,,Pusat Data dan Teknologi Informasi,Tahunan,2025-01-22,0.01,2024_jumlah-pendidik-smk-yang-memiliki-sertifikat-pendidik-2024.xlsx,https://cdn.data-portal.belajar.id/Aset-Dataset/20250117/d71fb93d2352d928dc72ea10af025c60fdbc05d845d3e47f97774f234cf7e428.xlsx,https://data.kemendikdasmen.go.id/dataset/jumlah-pendidik-smk-yang-memiliki-sertifikat-pendidik-2024
2024,Prioritas,Jumlah pendidik SMP,SMP/MTs/Sederajat,,Pusat Data dan Teknologi Informasi,Tahunan,2025-01-22,0.01,2024_jumlah-pendidik-smp-2024.xlsx,https://cdn.data-portal.belajar.id/Aset-Dataset/20250117/cf6a74b2c15f4f979c275c56301d65448748b675feb4d45fda8856d13f22569d.xlsx,https://data.kemendikdasmen.go.id/dataset/jumlah-pendidik-smp-2024
2024,Prioritas,Jumlah pendidik SMP dengan kualifikasi pendidikan minimal D4/S1,SMP/MTs/Sederajat,,Pusat Data dan Teknologi Informasi,Tahunan,2025-01-22,0.01,2024_jumlah-pendidik-smp-dengan-kualifikasi-pendidikan-minimal-d4-s1-2024.xlsx,https://cdn.data-portal.belajar.id/Aset-Dataset/20250117/993efa9ca3be87be9ae4e569c92d74b887a64bc7b6cd8fa4205de89c71482c9b.xlsx,https://data.kemendikdasmen.go.id/dataset/jumlah-pendidik-smp-dengan-kualifikasi-pendidikan-minimal-d4-s1-2024
2024,Prioritas,Jumlah pendidik SMP yang memiliki sertifikat pendidik,SMP/MTs/Sederajat,,Pusat Data dan Teknologi Informasi,Tahunan,2025-01-22,0.01,2024_jumlah-pendidik-smp-yang-memiliki-sertifikat-pendidik-2024.xlsx,https://cdn.data-portal.belajar.id/Aset-Dataset/20250117/5e7b2cc00ee8a361820e33dbb03541df0743bf5d6de81e28095cc68deee6c69e.xlsx,https://data.kemendikdasmen.go.id/dataset/jumlah-pendidik-smp-yang-memiliki-sertifikat-pendidik-2024
2024,Prioritas,Jumlah pendidik TK,,,Pusat Data dan Teknologi Informasi,Tahunan,2025-01-22,0.01,2024_jumlah-pendidik-tk-2024.xlsx,https://cdn.data-portal.belajar.id/Aset-Dataset/20250117/ecae50841876145ff8f8e6ff6cab54a5299510b912c45412be8e3289d8689569.xlsx,https://data.kemendikdasmen.go.id/dataset/jumlah-pendidik-tk-2024
2024,Prioritas,Jumlah pendidik TK dengan kualifikasi pendidikan minimal D4/S1,,,Pusat Data dan Teknologi Informasi,Tahunan,2025-01-22,0.01,2024_jumlah-pendidik-tk-dengan-kualifikasi-pendidikan-minimal-d4-s1-2024.xlsx,https://cdn.data-portal.belajar.id/Aset-Dataset/20250117/73f0f1106e351ad207cbe9ed2ce2fb5985df8d9647a5580adcead4e06fed0aae.xlsx,https://data.kemendikdasmen.go.id/dataset/jumlah-pendidik-tk-dengan-kualifikasi-pendidikan-minimal-d4-s1-2024
2024,Prioritas,Jumlah pendidik TK yang memiliki sertifikat pendidik,,,Pusat Data dan Teknologi Informasi,Tahunan,2025-01-22,0.01,2024_jumlah-pendidik-tk-yang-memiliki-sertifikat-pendidik-2024.xlsx,https://cdn.data-portal.belajar.id/Aset-Dataset/20250117/2d5004b9af1261fa9ba366d9fcd4f13adb4ac4c663b3c21a7101627eed9dbbef.xlsx,https://data.kemendikdasmen.go.id/dataset/jumlah-pendidik-tk-yang-memiliki-sertifikat-pendidik-2024
2024,Prioritas,Jumlah penduduk penyandang disabilitas usia 7-18 tahun yang bersekolah,,,Pusat Data dan Teknologi Informasi,Tahunan,2025-02-10,0.01,2024_jumlah-penduduk-penyandang-disabilitas-usia-7-18-tahun-yang-bersekolah-2024.xlsx,https://cdn.data-portal.belajar.id/Aset-Dataset/20250207/f261e38e3a4a7ffca7b77f2d118fc95ddf3a7ae00c27175bec3a845a1c3b1f10.xlsx,https://data.kemendikdasmen.go.id/dataset/jumlah-penduduk-penyandang-disabilitas-usia-7-18-tahun-yang-bersekolah-2024
2024,Prioritas,Jumlah penyandang kebutuhan khusus yang masih sekolah,,,Pusat Data dan Teknologi Informasi,Tahunan,2025-02-10,0.01,2024_jumlah-penyandang-kebutuhan-khusus-yang-masih-sekolah-2024.xlsx,https://cdn.data-portal.belajar.id/Aset-Dataset/20250207/236e2598741fbc11830d1b89a2775f03b4c34f03e53ebb1c0f45e6ed2bf13138.xlsx,https://data.kemendikdasmen.go.id/dataset/jumlah-penyandang-kebutuhan-khusus-yang-masih-sekolah-2024
2024,Prioritas,Jumlah peserta didik SD,SD/MI/Sederajat,,Pusat Data dan Teknologi Informasi,Tahunan,2025-02-03,0.01,2024_jumlah-peserta-didik-sd-2024-sd-mi-sederajat.xlsx,https://cdn.data-portal.belajar.id/Aset-Dataset/20250131/e057f00b44c6e7398982d9fab2b1df3d24dff0341590a5834715b77fbfc81e6b.xlsx,https://data.kemendikdasmen.go.id/dataset/jumlah-peserta-didik-sd-2024-sd-mi-sederajat
2024,Prioritas,Jumlah peserta didik SLB,,,Pusat Data dan Teknologi Informasi,Tahunan,2025-02-03,0.01,2024_jumlah-peserta-didik-slb-2024.xlsx,https://cdn.data-portal.belajar.id/Aset-Dataset/20250131/664173bb42b782c3b216be0b976fa8b2ac04cc8893bfdcd79a164c07bdf9bdd3.xlsx,https://data.kemendikdasmen.go.id/dataset/jumlah-peserta-didik-slb-2024
2024,Prioritas,Jumlah peserta didik SMA,SMA/MA/Sederajat,,Pusat Data dan Teknologi Informasi,Tahunan,2025-02-03,0.01,2024_jumlah-peserta-didik-sma-2024-sma-ma-sederajat.xlsx,https://cdn.data-portal.belajar.id/Aset-Dataset/20250131/298486aa2239763aa1c67da233cdb951d3f99179aa6a645961fdef7a5f90cf93.xlsx,https://data.kemendikdasmen.go.id/dataset/jumlah-peserta-didik-sma-2024-sma-ma-sederajat
2024,Prioritas,Jumlah peserta didik SMK,SMK/MAK/Sederajat,,Pusat Data dan Teknologi Informasi,Tahunan,2025-02-03,0.01,2024_jumlah-peserta-didik-smk-2024-smk-mak-sederajat.xlsx,https://cdn.data-portal.belajar.id/Aset-Dataset/20250131/b519bdb21cb88a7f791a9b1f0ac3ebec74c06a865cc315b3025fd4d50b7d8301.xlsx,https://data.kemendikdasmen.go.id/dataset/jumlah-peserta-didik-smk-2024-smk-mak-sederajat
2024,Prioritas,Jumlah peserta didik SMP,SMP/MTs/Sederajat,,Pusat Data dan Teknologi Informasi,Tahunan,2025-02-03,0.01,2024_jumlah-peserta-didik-smp-2024-smp-mts-sederajat.xlsx,https://cdn.data-portal.belajar.id/Aset-Dataset/20250131/18ff81d3297f4e47a57c0999458d1285981fa240dd24c3d6fcc0eb5e2f6be57c.xlsx,https://data.kemendikdasmen.go.id/dataset/jumlah-peserta-didik-smp-2024-smp-mts-sederajat
2024,Prioritas,Jumlah peserta didik TK,,,Pusat Data dan Teknologi Informasi,Tahunan,2025-02-03,0.01,2024_jumlah-peserta-didik-tk-2024.xlsx,https://cdn.data-portal.belajar.id/Aset-Dataset/20250131/f58ff636d19531439f378ef3a4ffb29320800d95b347ef0d90387512c2ff314f.xlsx,https://data.kemendikdasmen.go.id/dataset/jumlah-peserta-didik-tk-2024
2024,Prioritas,Jumlah peserta didik pada bentuk satuan pendidikan D1,,,Direktorat Jenderal Pendidikan Tinggi,Tahunan,2025-01-17,0.05,2024_jumlah-peserta-didik-pada-bentuk-satuan-pendidikan-d1-2024.xlsx,https://cdn.data-portal.belajar.id/Aset-Dataset/20250117/977d5f2de031c21d80a1649f8fedf132eccfd389c512be3327b642371763430d.xlsx,https://data.kemendikdasmen.go.id/dataset/jumlah-peserta-didik-pada-bentuk-satuan-pendidikan-d1-2024
2024,Prioritas,Jumlah peserta didik pada bentuk satuan pendidikan D2,,,Direktorat Jenderal Pendidikan Tinggi,Tahunan,2025-01-17,0.05,2024_jumlah-peserta-didik-pada-bentuk-satuan-pendidikan-d2-2024.xlsx,https://cdn.data-portal.belajar.id/Aset-Dataset/20250117/2d767554c459d8b118c18fcc5fc84542fdaa1c07c329e159da76584d226fab24.xlsx,https://data.kemendikdasmen.go.id/dataset/jumlah-peserta-didik-pada-bentuk-satuan-pendidikan-d2-2024
2024,Prioritas,Jumlah peserta didik pada bentuk satuan pendidikan D3,,,Direktorat Jenderal Pendidikan Tinggi,Tahunan,2025-01-17,0.05,2024_jumlah-peserta-didik-pada-bentuk-satuan-pendidikan-d3-2024.xlsx,https://cdn.data-portal.belajar.id/Aset-Dataset/20250117/ee533faf21270abc6415e10a3a82ef6e89fcb51e763325c141249b4f93e51c6b.xlsx,https://data.kemendikdasmen.go.id/dataset/jumlah-peserta-didik-pada-bentuk-satuan-pendidikan-d3-2024
2024,Prioritas,Jumlah peserta didik pada bentuk satuan pendidikan D4,,,Direktorat Jenderal Pendidikan Tinggi,Tahunan,2025-01-17,0.05,2024_jumlah-peserta-didik-pada-bentuk-satuan-pendidikan-d4-2024.xlsx,https://cdn.data-portal.belajar.id/Aset-Dataset/20250117/b049058045e66038182dcf03c166454389af0bf9600e0e96abb61c048c9f19ad.xlsx,https://data.kemendikdasmen.go.id/dataset/jumlah-peserta-didik-pada-bentuk-satuan-pendidikan-d4-2024
2024,Prioritas,Jumlah peserta didik pada bentuk satuan pendidikan S1,,,Direktorat Jenderal Pendidikan Tinggi,Tahunan,2025-01-17,0.05,2024_jumlah-peserta-didik-pada-bentuk-satuan-pendidikan-s1-2024.xlsx,https://cdn.data-portal.belajar.id/Aset-Dataset/20250117/61a2fc5caf8a5319373b8ef0c887ef12f4bd6fc4e219f2004a887a5bc4761bdc.xlsx,https://data.kemendikdasmen.go.id/dataset/jumlah-peserta-didik-pada-bentuk-satuan-pendidikan-s1-2024
2024,Prioritas,Jumlah peserta didik pada bentuk satuan pendidikan S2,,,Direktorat Jenderal Pendidikan Tinggi,Tahunan,2025-01-17,0.07,2024_jumlah-peserta-didik-pada-bentuk-satuan-pendidikan-s2-2024.xlsx,https://cdn.data-portal.belajar.id/Aset-Dataset/20250117/7a79e8ae406ca77a8babdb2f9a6f3ece40904722808efed6f2b80e6559f8d457.xlsx,https://data.kemendikdasmen.go.id/dataset/jumlah-peserta-didik-pada-bentuk-satuan-pendidikan-s2-2024
2024,Prioritas,Jumlah provinsi memenuhi SPM pendidikan,,,Badan Kebijakan Pendidikan Dasar dan Menengah,Tahunan,2025-01-15,0.02,2024_jumlah-provinsi-memenuhi-spm-pendidikan-2024.xlsx,https://cdn.data-portal.belajar.id/Aset-Dataset/20250115/bf56acbd14e19451d2acca6e97993db4e0e31983efc6f17ff81250af1aa48137.xlsx,https://data.kemendikdasmen.go.id/dataset/jumlah-provinsi-memenuhi-spm-pendidikan-2024
2024,Prioritas,Jumlah satuan pendidikan SD,SD/MI/Sederajat,,Pusat Data dan Teknologi Informasi,Tahunan,2025-01-22,0.01,2024_jumlah-satuan-pendidikan-sd-2024-sd-mi-sederajat.xlsx,https://cdn.data-portal.belajar.id/Aset-Dataset/20250121/10080da42c734cd70ff0265ecfbfc1ed2078fac011380c07fbd86bacba1d99f6.xlsx,https://data.kemendikdasmen.go.id/dataset/jumlah-satuan-pendidikan-sd-2024-sd-mi-sederajat
2024,Prioritas,Jumlah satuan pendidikan yang diakreditasi sesuai Standar Nasional Pendidikan,,,Pusat Data dan Teknologi Informasi,Tahunan,2025-02-07,0.24,2024_jumlah-satuan-pendidikan-yang-diakreditasi-sesuai-standar-nasional-pendidikan-2024.xlsx,https://cdn.data-portal.belajar.id/Aset-Dataset/20250206/ad7efbdaaa91fee36c964652a0cd48d8744fc3652ddfb803b9222233fed5bd75.xlsx,https://data.kemendikdasmen.go.id/dataset/jumlah-satuan-pendidikan-yang-diakreditasi-sesuai-standar-nasional-pendidikan-2024
2024,Prioritas,Jumlah satuan pendidikan yang mempunyai guru yang mengajar muatan lokal bahasa daerah dan ekstrakurikuler kesenian,,,Pusat Data dan Teknologi Informasi,Tahunan,2025-02-27,0.01,2024_jumlah-satuan-pendidikan-yang-mempunyai-guru-yang-mengajar-muatan-lokal-bahasa-daerah-dan-.xlsx,https://cdn.data-portal.belajar.id/Aset-Dataset/20250227/44ade595020633de0c228e72415b963f2eb8848e5a1aa777eac01a5554c4a6bb.xlsx,https://data.kemendikdasmen.go.id/dataset/jumlah-satuan-pendidikan-yang-mempunyai-guru-yang-mengajar-muatan-lokal-bahasa-daerah-dan-ekstrakurikuler-kesenian-2024
2024,Prioritas,Jumlah sitasi terhadap publikasi ilmiah Indonesia di jurnal internasional,,,Direktorat Jenderal Pendidikan Tinggi,Tahunan,2025-01-17,0.01,2024_jumlah-sitasi-terhadap-publikasi-ilmiah-indonesia-di-jurnal-internasional-2024.xlsx,https://cdn.data-portal.belajar.id/Aset-Dataset/20250117/f541ab884aee0b5a8e603dd452e15c96ad56c87628558cd83665ed5c0624231c.xlsx,https://data.kemendikdasmen.go.id/dataset/jumlah-sitasi-terhadap-publikasi-ilmiah-indonesia-di-jurnal-internasional-2024
2024,Prioritas,Jumlah sumber daya manusia IPTEK (dosen),,,Direktorat Jenderal Pendidikan Tinggi,Tahunan,2025-01-17,0.05,2024_jumlah-sumber-daya-manusia-iptek-dosen-2024.xlsx,https://cdn.data-portal.belajar.id/Aset-Dataset/20250117/f404415e18bb291ee01c8c79c78c080a9360183f6ba16c40e0609b2e8d324f51.xlsx,https://data.kemendikdasmen.go.id/dataset/jumlah-sumber-daya-manusia-iptek-dosen-2024
2024,Prioritas,Persentase Penutur Bahasa Indonesia Terbina yang Meningkat Kualitas Berbahasanya,,,Badan Pengembangan dan Pembinaan Bahasa,Tahunan,2025-02-03,0.03,2024_persentase-penutur-bahasa-indonesia-terbina-yang-meningkat-kualitas-berbahasanya-2024.xlsx,https://cdn.data-portal.belajar.id/Aset-Dataset/20250203/be374e1102c428e2736c04a75f11748e669dbc72e47b8f892108507ae4ec91fb.xlsx,https://data.kemendikdasmen.go.id/dataset/persentase-penutur-bahasa-indonesia-terbina-yang-meningkat-kualitas-berbahasanya-2024
2024,Prioritas,Persentase guru dan tenaga kependidikan berkualifikasi minimal S1,,,Pusat Data dan Teknologi Informasi,Tahunan,2025-02-07,0.3,2024_persentase-guru-dan-tenaga-kependidikan-berkualifikasi-minimal-s1-2024.xlsx,https://cdn.data-portal.belajar.id/Aset-Dataset/20250203/c1ef2506c34be3b3b7049db4556d67ec1b0d6f3a6d972e5c45127bc0411939f3.xlsx,https://data.kemendikdasmen.go.id/dataset/persentase-guru-dan-tenaga-kependidikan-berkualifikasi-minimal-s1-2024
2024,Prioritas,Persentase kab/kota memenuhi SPM pendidikan,,,Badan Kebijakan Pendidikan Dasar dan Menengah,Tahunan,2025-01-15,0.02,2024_persentase-kab-kota-memenuhi-spm-pendidikan-2024.xlsx,https://cdn.data-portal.belajar.id/Aset-Dataset/20250115/188e90050db90bdb3b72eb75939e98438043b2791c55d600aa8e306170e16899.xlsx,https://data.kemendikdasmen.go.id/dataset/persentase-kab-kota-memenuhi-spm-pendidikan-2024
2024,Prioritas,Persentase pendidik SD dengan kualifikasi pendidikan minimal D4/S1,SD/MI/Sederajat,,Pusat Data dan Teknologi Informasi,Tahunan,2025-01-22,0.01,2024_persentase-pendidik-sd-dengan-kualifikasi-pendidikan-minimal-d4-s1-2024-sd-mi-sederajat.xlsx,https://cdn.data-portal.belajar.id/Aset-Dataset/20250121/f04af24028fac03d1854a8d8d13c1528b2fa3dfc2917e8d852429883dc23ef02.xlsx,https://data.kemendikdasmen.go.id/dataset/persentase-pendidik-sd-dengan-kualifikasi-pendidikan-minimal-d4-s1-2024-sd-mi-sederajat
2024,Prioritas,Persentase pendidik SD yang memiliki sertifikat pendidik,SD/MI/Sederajat,,Pusat Data dan Teknologi Informasi,Tahunan,2025-01-22,0.01,2024_persentase-pendidik-sd-yang-memiliki-sertifikat-pendidik-2024.xlsx,https://cdn.data-portal.belajar.id/Aset-Dataset/20250117/bf1b9000b87e8c804149f39d77700b680d621af38f2e9f8642e309f3d9517019.xlsx,https://data.kemendikdasmen.go.id/dataset/persentase-pendidik-sd-yang-memiliki-sertifikat-pendidik-2024
2024,Prioritas,Persentase pendidik SLB dengan kualifikasi pendidikan minimal D4/S1,,,Pusat Data dan Teknologi Informasi,Tahunan,2025-01-22,0.01,2024_persentase-pendidik-slb-dengan-kualifikasi-pendidikan-minimal-d4-s1-2024.xlsx,https://cdn.data-portal.belajar.id/Aset-Dataset/20250121/ec6977213fe9bd0d2a0c8cc2c40307594ee7101b180cf0daafe2f1374166eccb.xlsx,https://data.kemendikdasmen.go.id/dataset/persentase-pendidik-slb-dengan-kualifikasi-pendidikan-minimal-d4-s1-2024
2024,Prioritas,Persentase pendidik SLB yang memiliki sertifikat pendidik,,,Pusat Data dan Teknologi Informasi,Tahunan,2025-01-22,0.01,2024_persentase-pendidik-slb-yang-memiliki-sertifikat-pendidik-2024.xlsx,https://cdn.data-portal.belajar.id/Aset-Dataset/20250117/38912400a29533873885ad548ef691f706a4c573d681105cdbe04679b0a3c80e.xlsx,https://data.kemendikdasmen.go.id/dataset/persentase-pendidik-slb-yang-memiliki-sertifikat-pendidik-2024
2024,Prioritas,Persentase pendidik SMA dengan kualifikasi pendidikan minimal D4/S1,SMA/MA/Sederajat,,Pusat Data dan Teknologi Informasi,Tahunan,2025-01-22,0.01,2024_persentase-pendidik-sma-dengan-kualifikasi-pendidikan-minimal-d4-s1-2024-sma-ma-sederajat.xlsx,https://cdn.data-portal.belajar.id/Aset-Dataset/20250121/df6e5f2d4f919ad4482b12b92ed344b406ad02fd556d82e4f0d388f6c9423591.xlsx,https://data.kemendikdasmen.go.id/dataset/persentase-pendidik-sma-dengan-kualifikasi-pendidikan-minimal-d4-s1-2024-sma-ma-sederajat
2024,Prioritas,Persentase pendidik SMA yang memiliki sertifikat pendidik,SMA/MA/Sederajat,,Pusat Data dan Teknologi Informasi,Tahunan,2025-01-22,0.01,2024_persentase-pendidik-sma-yang-memiliki-sertifikat-pendidik-2024.xlsx,https://cdn.data-portal.belajar.id/Aset-Dataset/20250117/875f3b53d1f3e801da2558fc945b7e8d0cc3e0c6d2e9a3fe7bd29fc70f96e41b.xlsx,https://data.kemendikdasmen.go.id/dataset/persentase-pendidik-sma-yang-memiliki-sertifikat-pendidik-2024
2024,Prioritas,Persentase pendidik SMK dengan kualifikasi pendidikan minimal D4/S1,SMK/MAK/Sederajat,,Pusat Data dan Teknologi Informasi,Tahunan,2025-01-22,0.01,2024_persentase-pendidik-smk-dengan-kualifikasi-pendidikan-minimal-d4-s1-2024-smk-mak-sederajat.xlsx,https://cdn.data-portal.belajar.id/Aset-Dataset/20250121/51e2d0a55394f8176eebbd630af33be01eeebb9fb7797561e1d493821e2629ec.xlsx,https://data.kemendikdasmen.go.id/dataset/persentase-pendidik-smk-dengan-kualifikasi-pendidikan-minimal-d4-s1-2024-smk-mak-sederajat
2024,Prioritas,Persentase pendidik SMK yang memiliki sertifikat pendidik,SMK/MAK/Sederajat,,Pusat Data dan Teknologi Informasi,Tahunan,2025-01-22,0.01,2024_persentase-pendidik-smk-yang-memiliki-sertifikat-pendidik-2024.xlsx,https://cdn.data-portal.belajar.id/Aset-Dataset/20250117/8fe9ac288265130766553e2eb27cbc5b5ed658b48734ba6a4166c8fe67ece4b0.xlsx,https://data.kemendikdasmen.go.id/dataset/persentase-pendidik-smk-yang-memiliki-sertifikat-pendidik-2024
2024,Prioritas,Persentase pendidik SMP dengan kualifikasi pendidikan minimal D4/S1,SMP/MTs/Sederajat,,Pusat Data dan Teknologi Informasi,Tahunan,2025-01-22,0.01,2024_persentase-pendidik-smp-dengan-kualifikasi-pendidikan-minimal-d4-s1-2024-smp-mts-sederajat.xlsx,https://cdn.data-portal.belajar.id/Aset-Dataset/20250121/fad0de047b0452f70c851c54c624fa8761759e4110522973f83336692dc0fa30.xlsx,https://data.kemendikdasmen.go.id/dataset/persentase-pendidik-smp-dengan-kualifikasi-pendidikan-minimal-d4-s1-2024-smp-mts-sederajat
2024,Prioritas,Persentase pendidik SMP yang memiliki sertifikat pendidik,SMP/MTs/Sederajat,,Pusat Data dan Teknologi Informasi,Tahunan,2025-01-22,0.01,2024_persentase-pendidik-smp-yang-memiliki-sertifikat-pendidik-2024.xlsx,https://cdn.data-portal.belajar.id/Aset-Dataset/20250117/d904a81d52d7d4f423f4b820afcd12d31392d9301f3b7bcac9d4a62c39ccf4d5.xlsx,https://data.kemendikdasmen.go.id/dataset/persentase-pendidik-smp-yang-memiliki-sertifikat-pendidik-2024
2024,Prioritas,Persentase pendidik TK dengan kualifikasi pendidikan minimal D4/S1,,,Pusat Data dan Teknologi Informasi,Tahunan,2025-01-22,0.01,2024_persentase-pendidik-tk-dengan-kualifikasi-pendidikan-minimal-d4-s1-2024.xlsx,https://cdn.data-portal.belajar.id/Aset-Dataset/20250121/30423d6ec1819eba12916978d0fb761ebdd1f75c0eaceeeefe557869796c740d.xlsx,https://data.kemendikdasmen.go.id/dataset/persentase-pendidik-tk-dengan-kualifikasi-pendidikan-minimal-d4-s1-2024
2024,Prioritas,Persentase pendidik TK yang memiliki sertifikat pendidik,,,Pusat Data dan Teknologi Informasi,Tahunan,2025-01-22,0.01,2024_persentase-pendidik-tk-yang-memiliki-sertifikat-pendidik-2024.xlsx,https://cdn.data-portal.belajar.id/Aset-Dataset/20250117/33568256ff39412e8a0523f8f863c034e2571e11dfd4070e25bdbae51477b6ee.xlsx,https://data.kemendikdasmen.go.id/dataset/persentase-pendidik-tk-yang-memiliki-sertifikat-pendidik-2024
2024,Prioritas,Persentase satuan pendidikan berakreditasi minimal B,,,Pusat Data dan Teknologi Informasi,Tahunan,2025-02-27,0.02,2024_persentase-satuan-pendidikan-berakreditasi-minimal-b-2024.xlsx,https://cdn.data-portal.belajar.id/Aset-Dataset/20250227/f4fe424a32b19f925f53df45845f337bfeb9849e85425dc9061b62e63fa29718.xlsx,https://data.kemendikdasmen.go.id/dataset/persentase-satuan-pendidikan-berakreditasi-minimal-b-2024
2024,Prioritas,Persentase satuan pendidikan terlayani internet untuk tujuan menunjang pembelajaran,,,Pusat Data dan Teknologi Informasi,Tahunan,2025-02-07,0.19,2024_persentase-satuan-pendidikan-terlayani-internet-untuk-tujuan-menunjang-pembelajaran-2024.xlsx,https://cdn.data-portal.belajar.id/Aset-Dataset/20250203/ae02e03e50e0f4a45e1f3247f9a280c4be81474789042bd194b5b5a95145b0fd.xlsx,https://data.kemendikdasmen.go.id/dataset/persentase-satuan-pendidikan-terlayani-internet-untuk-tujuan-menunjang-pembelajaran-2024
2024,Prioritas,Persentase satuan pendidikan yang melaksanakan Asesmen Nasional,,,Pusat Asesmen Pendidikan,Tahunan,2025-01-24,0.02,2024_persentase-satuan-pendidikan-yang-melaksanakan-asesmen-nasional-2024.xlsx,https://cdn.data-portal.belajar.id/Aset-Dataset/20250124/7a66602fe45468a465e3ef21e09ab3c0290861e92090c758851a00bb15e4ef8b.xlsx,https://data.kemendikdasmen.go.id/dataset/persentase-satuan-pendidikan-yang-melaksanakan-asesmen-nasional-2024
2024,Prioritas,Persentase satuan pendidikan yang mempunyai guru yang mengajar muatan lokal dan ekstrakurikuler kesenian,,,Pusat Data dan Teknologi Informasi,Tahunan,2025-02-27,0.01,2024_persentase-satuan-pendidikan-yang-mempunyai-guru-yang-mengajar-muatan-lokal-dan-ekstrakuri.xlsx,https://cdn.data-portal.belajar.id/Aset-Dataset/20250227/ca499731a6ff597f3359273165908877eb06f166f0632a1821f6de750db5b443.xlsx,https://data.kemendikdasmen.go.id/dataset/persentase-satuan-pendidikan-yang-mempunyai-guru-yang-mengajar-muatan-lokal-dan-ekstrakurikuler-kesenian-2024
2024,Prioritas,Persentase satuan pendidikan yang menerapkan kurikulum yang berlaku,,,Badan Kebijakan Pendidikan Dasar dan Menengah,Tahunan,2025-01-15,0.11,2024_persentase-satuan-pendidikan-yang-menerapkan-kurikulum-yang-berlaku-2024.xlsx,https://cdn.data-portal.belajar.id/Aset-Dataset/20250115/925749d04d1243c4650e6fb7ede651609803a886892ce1f2de937678c7b87ec1.xlsx,https://data.kemendikdasmen.go.id/dataset/persentase-satuan-pendidikan-yang-menerapkan-kurikulum-yang-berlaku-2024
2024,Prioritas,Persentase satuan pendidikan yang menggunakan hasil asesmen yang terstandar untuk perbaikan pembelajaran,,,Pusat Data dan Teknologi Informasi,Tahunan,2025-02-03,0.02,2024_persentase-satuan-pendidikan-yang-menggunakan-hasil-asesmen-yang-terstandar-untuk-perbaika.xlsx,https://cdn.data-portal.belajar.id/Aset-Dataset/20250131/313c2fdbdb0de4e2e12629a997ecf99734fba10d9621aab8728d87dc1709c2a3.xlsx,https://data.kemendikdasmen.go.id/dataset/persentase-satuan-pendidikan-yang-menggunakan-hasil-asesmen-yang-terstandar-untuk-perbaikan-pembelajaran-2024
2024,Prioritas,Proporsi SD yang memiliki fasilitas air minum layak,SD/MI/Sederajat,,Pusat Data dan Teknologi Informasi,Tahunan,2025-02-11,0.01,2024_proporsi-sd-yang-memiliki-fasilitas-air-minum-layak-2024-sd-mi-sederajat.xlsx,https://cdn.data-portal.belajar.id/Aset-Dataset/20250211/aa755a82055b93988607e8ada24b439e42ec2f46be558bc870330d89a348f233.xlsx,https://data.kemendikdasmen.go.id/dataset/proporsi-sd-yang-memiliki-fasilitas-air-minum-layak-2024-sd-mi-sederajat
2024,Prioritas,"Proporsi SD yang memiliki fasilitas cuci tangan (terdiri air, sanitasi, dan higienis bagi semua (WASH)",SD/MI/Sederajat,,Pusat Data dan Teknologi Informasi,Tahunan,2025-02-07,0.01,2024_proporsi-sd-yang-memiliki-fasilitas-cuci-tangan-terdiri-air-sanitasi-dan-higienis-bagi-sem.xlsx,https://cdn.data-portal.belajar.id/Aset-Dataset/20250207/0f98530a61c3da6999b5ffb2f0241e83c2faf2950598edaa49c7aba7fcd0a9dc.xlsx,https://data.kemendikdasmen.go.id/dataset/proporsi-sd-yang-memiliki-fasilitas-cuci-tangan-terdiri-air-sanitasi-dan-higienis-bagi-semua-wash-2024-sd-mi-sederajat
2024,Prioritas,Proporsi SD yang memiliki fasilitas internet untuk tujuan pengajaran,SD/MI/Sederajat,,Pusat Data dan Teknologi Informasi,Tahunan,2025-01-22,0.01,2024_proporsi-sd-yang-memiliki-fasilitas-internet-untuk-tujuan-pengajaran-2024-sd-mi-sederajat-.xlsx,https://cdn.data-portal.belajar.id/Aset-Dataset/20250121/a6aee4c120bb36d1ea4dc7ea75c4e9f632933ecebdf9456563933b5d0aa25cbf.xlsx,https://data.kemendikdasmen.go.id/dataset/proporsi-sd-yang-memiliki-fasilitas-internet-untuk-tujuan-pengajaran-2024-sd-mi-sederajat-2
2024,Prioritas,Proporsi SD yang memiliki fasilitas komputer untuk tujuan pengajaran,SD/MI/Sederajat,,Pusat Data dan Teknologi Informasi,Tahunan,2025-01-22,0.01,2024_proporsi-sd-yang-memiliki-fasilitas-komputer-untuk-tujuan-pengajaran-2024.xlsx,https://cdn.data-portal.belajar.id/Aset-Dataset/20250121/d56ae254d2b3b181584b53f6fea62a77a47bc3b8b1f06254f9bb6dc750f6448d.xlsx,https://data.kemendikdasmen.go.id/dataset/proporsi-sd-yang-memiliki-fasilitas-komputer-untuk-tujuan-pengajaran-2024
2024,Prioritas,Proporsi SD yang memiliki fasilitas listrik,SD/MI/Sederajat,,Pusat Data dan Teknologi Informasi,Tahunan,2025-01-22,0.01,2024_proporsi-sd-yang-memiliki-fasilitas-listrik-2024.xlsx,https://cdn.data-portal.belajar.id/Aset-Dataset/20250117/5ef060f587c6eef51aea3d24742041d9981d258345d51b604d2e78359cc5445d.xlsx,https://data.kemendikdasmen.go.id/dataset/proporsi-sd-yang-memiliki-fasilitas-listrik-2024
2024,Prioritas,Proporsi SD yang memiliki fasilitas sanitasi dasar per jenis kelamin,SD/MI/Sederajat,,Pusat Data dan Teknologi Informasi,Tahunan,2025-02-07,0.01,2024_proporsi-sd-yang-memiliki-fasilitas-sanitasi-dasar-per-jenis-kelamin-2024-sd-mi-sederajat.xlsx,https://cdn.data-portal.belajar.id/Aset-Dataset/20250206/124013c2a98ec242247f6c827bae73c57a2b1c3d25a8c12e547c427b5ac7d239.xlsx,https://data.kemendikdasmen.go.id/dataset/proporsi-sd-yang-memiliki-fasilitas-sanitasi-dasar-per-jenis-kelamin-2024-sd-mi-sederajat
2024,Prioritas,Proporsi SLB yang memiliki fasilitas air minum layak,,,Pusat Data dan Teknologi Informasi,Tahunan,2025-02-11,0.01,2024_proporsi-slb-yang-memiliki-fasilitas-air-minum-layak-2024.xlsx,https://cdn.data-portal.belajar.id/Aset-Dataset/20250211/6c105570bf5517c9398f4d9326991d9c1e4f21a1168311abbdefec82a1b47403.xlsx,https://data.kemendikdasmen.go.id/dataset/proporsi-slb-yang-memiliki-fasilitas-air-minum-layak-2024
2024,Prioritas,"Proporsi SLB yang memiliki fasilitas cuci tangan (terdiri air, sanitasi, dan higienis bagi semua (WASH)",,,Pusat Data dan Teknologi Informasi,Tahunan,2025-02-07,0.01,2024_proporsi-slb-yang-memiliki-fasilitas-cuci-tangan-terdiri-air-sanitasi-dan-higienis-bagi-se.xlsx,https://cdn.data-portal.belajar.id/Aset-Dataset/20250207/417b965a14f8391942e5a3f4f322dc3d48478234c236a44c7daaac0144e5af6f.xlsx,https://data.kemendikdasmen.go.id/dataset/proporsi-slb-yang-memiliki-fasilitas-cuci-tangan-terdiri-air-sanitasi-dan-higienis-bagi-semua-wash-2024
2024,Prioritas,Proporsi SLB yang memiliki fasilitas internet untuk tujuan pengajaran,,,Pusat Data dan Teknologi Informasi,Tahunan,2025-01-22,0.01,2024_proporsi-slb-yang-memiliki-fasilitas-internet-untuk-tujuan-pengajaran-2024.xlsx,https://cdn.data-portal.belajar.id/Aset-Dataset/20250121/545db78b5268fc4894543c67aa4efa2f74353fb81563b55251284d6a9791b5bd.xlsx,https://data.kemendikdasmen.go.id/dataset/proporsi-slb-yang-memiliki-fasilitas-internet-untuk-tujuan-pengajaran-2024
2024,Prioritas,Proporsi SLB yang memiliki fasilitas komputer untuk tujuan pengajaran,,,Pusat Data dan Teknologi Informasi,Tahunan,2025-01-22,0.01,2024_proporsi-slb-yang-memiliki-fasilitas-komputer-untuk-tujuan-pengajaran-2024.xlsx,https://cdn.data-portal.belajar.id/Aset-Dataset/20250121/3ff255e8f06d6ae1913a009949288d7312760488f55fa9570f0e4c16906f6415.xlsx,https://data.kemendikdasmen.go.id/dataset/proporsi-slb-yang-memiliki-fasilitas-komputer-untuk-tujuan-pengajaran-2024
2024,Prioritas,Proporsi SLB yang memiliki fasilitas listrik,,,Pusat Data dan Teknologi Informasi,Tahunan,2025-01-22,0.01,2024_proporsi-slb-yang-memiliki-fasilitas-listrik-2024.xlsx,https://cdn.data-portal.belajar.id/Aset-Dataset/20250117/5730b933fb82e14926f464b1154479f88a0f5fc76600df992ebea94f58285af1.xlsx,https://data.kemendikdasmen.go.id/dataset/proporsi-slb-yang-memiliki-fasilitas-listrik-2024
2024,Prioritas,Proporsi SLB yang memiliki fasilitas sanitasi dasar per jenis kelamin,,,Pusat Data dan Teknologi Informasi,Tahunan,2025-02-07,0.01,2024_proporsi-slb-yang-memiliki-fasilitas-sanitasi-dasar-per-jenis-kelamin-2024.xlsx,https://cdn.data-portal.belajar.id/Aset-Dataset/20250206/eeaa02ad9adc36d141709a104abbed35151f6ffd1937b09c7aea7c017f940215.xlsx,https://data.kemendikdasmen.go.id/dataset/proporsi-slb-yang-memiliki-fasilitas-sanitasi-dasar-per-jenis-kelamin-2024
2024,Prioritas,Proporsi SMA yang memiliki fasilitas air minum layak,SMA/MA/Sederajat,,Pusat Data dan Teknologi Informasi,Tahunan,2025-02-11,0.01,2024_proporsi-sma-yang-memiliki-fasilitas-air-minum-layak-2024-sma-ma-sederajat.xlsx,https://cdn.data-portal.belajar.id/Aset-Dataset/20250211/ad074059b7f7a3a88e7127de5313346e56a9042548745d08b9a8ee7ef32e46f1.xlsx,https://data.kemendikdasmen.go.id/dataset/proporsi-sma-yang-memiliki-fasilitas-air-minum-layak-2024-sma-ma-sederajat
2024,Prioritas,"Proporsi SMA yang memiliki fasilitas cuci tangan (terdiri air, sanitasi, dan higienis bagi semua (WASH)",SMA/MA/Sederajat,,Pusat Data dan Teknologi Informasi,Tahunan,2025-02-07,0.01,2024_proporsi-sma-yang-memiliki-fasilitas-cuci-tangan-terdiri-air-sanitasi-dan-higienis-bagi-se.xlsx,https://cdn.data-portal.belajar.id/Aset-Dataset/20250207/f59d8408d277b3adedefc87b32e002e8a6eb7537f6fb89a0166f396a97f6cea6.xlsx,https://data.kemendikdasmen.go.id/dataset/proporsi-sma-yang-memiliki-fasilitas-cuci-tangan-terdiri-air-sanitasi-dan-higienis-bagi-semua-wash-2024-sma-ma-sederajat
2024,Prioritas,Proporsi SMA yang memiliki fasilitas internet untuk tujuan pengajaran,SMA/MA/Sederajat,,Pusat Data dan Teknologi Informasi,Tahunan,2025-01-22,0.01,2024_proporsi-sma-yang-memiliki-fasilitas-internet-untuk-tujuan-pengajaran-2024-sma-ma-sederaja.xlsx,https://cdn.data-portal.belajar.id/Aset-Dataset/20250121/bb9b86d43ab45b8faa53192c1ab5cab91d0a62993a06f8905da4e22f035aa82a.xlsx,https://data.kemendikdasmen.go.id/dataset/proporsi-sma-yang-memiliki-fasilitas-internet-untuk-tujuan-pengajaran-2024-sma-ma-sederajat
2024,Prioritas,Proporsi SMA yang memiliki fasilitas komputer untuk tujuan pengajaran,SMA/MA/Sederajat,,Pusat Data dan Teknologi Informasi,Tahunan,2025-01-22,0.01,2024_proporsi-sma-yang-memiliki-fasilitas-komputer-untuk-tujuan-pengajaran-2024-sma-ma-sederaja.xlsx,https://cdn.data-portal.belajar.id/Aset-Dataset/20250121/dab3bcec3e18e6c48f4d0b93bc2daeae7af4e71ab745ea60f37a57436d20efe6.xlsx,https://data.kemendikdasmen.go.id/dataset/proporsi-sma-yang-memiliki-fasilitas-komputer-untuk-tujuan-pengajaran-2024-sma-ma-sederajat
2024,Prioritas,Proporsi SMA yang memiliki fasilitas listrik,SMA/MA/Sederajat,,Pusat Data dan Teknologi Informasi,Tahunan,2025-01-22,0.01,2024_proporsi-sma-yang-memiliki-fasilitas-listrik-2024.xlsx,https://cdn.data-portal.belajar.id/Aset-Dataset/20250117/2ee8491484d3cb669e7251b4bd85a5173fa9b364652388b089af8d09e3f8a27f.xlsx,https://data.kemendikdasmen.go.id/dataset/proporsi-sma-yang-memiliki-fasilitas-listrik-2024
2024,Prioritas,Proporsi SMA yang memiliki fasilitas sanitasi dasar per jenis kelamin,SMA/MA/Sederajat,,Pusat Data dan Teknologi Informasi,Tahunan,2025-02-07,0.01,2024_proporsi-sma-yang-memiliki-fasilitas-sanitasi-dasar-per-jenis-kelamin-2024-sma-ma-sederaja.xlsx,https://cdn.data-portal.belajar.id/Aset-Dataset/20250206/62d3636d2fbd3edd0b244b56ed2f0216c122bdc0ad4f2e8e8d21dd41c172504f.xlsx,https://data.kemendikdasmen.go.id/dataset/proporsi-sma-yang-memiliki-fasilitas-sanitasi-dasar-per-jenis-kelamin-2024-sma-ma-sederajat
2024,Prioritas,Proporsi SMK yang memiliki fasilitas air minum layak,SMK/MAK/Sederajat,,Pusat Data dan Teknologi Informasi,Tahunan,2025-02-11,0.01,2024_proporsi-smk-yang-memiliki-fasilitas-air-minum-layak-2024-smk-mak-sederajat.xlsx,https://cdn.data-portal.belajar.id/Aset-Dataset/20250211/d7f4810b11a684e8f68c0f030d947498ce4057789039861c45d055abefb3e9e8.xlsx,https://data.kemendikdasmen.go.id/dataset/proporsi-smk-yang-memiliki-fasilitas-air-minum-layak-2024-smk-mak-sederajat
2024,Prioritas,"Proporsi SMK yang memiliki fasilitas cuci tangan (terdiri air, sanitasi, dan higienis bagi semua (WASH)",SMK/MAK/Sederajat,,Pusat Data dan Teknologi Informasi,Tahunan,2025-02-07,0.01,2024_proporsi-smk-yang-memiliki-fasilitas-cuci-tangan-terdiri-air-sanitasi-dan-higienis-bagi-se.xlsx,https://cdn.data-portal.belajar.id/Aset-Dataset/20250207/9decb43009eb5c83d177e5f45bb5204739d9ba57692b25c5ecd11f39dd008f7f.xlsx,https://data.kemendikdasmen.go.id/dataset/proporsi-smk-yang-memiliki-fasilitas-cuci-tangan-terdiri-air-sanitasi-dan-higienis-bagi-semua-wash-2024-smk-mak-sederajat
2024,Prioritas,Proporsi SMK yang memiliki fasilitas internet untuk tujuan pengajaran,SMK/MAK/Sederajat,,Pusat Data dan Teknologi Informasi,Tahunan,2025-01-22,0.01,2024_proporsi-smk-yang-memiliki-fasilitas-internet-untuk-tujuan-pengajaran-2024-smk-mak-sederaj.xlsx,https://cdn.data-portal.belajar.id/Aset-Dataset/20250121/f370ece4f42aa63079e023e36295736f0acab82b2d43ca8e1a037ddccd6bec57.xlsx,https://data.kemendikdasmen.go.id/dataset/proporsi-smk-yang-memiliki-fasilitas-internet-untuk-tujuan-pengajaran-2024-smk-mak-sederajat
2024,Prioritas,Proporsi SMK yang memiliki fasilitas komputer untuk tujuan pengajaran,SMK/MAK/Sederajat,,Pusat Data dan Teknologi Informasi,Tahunan,2025-01-22,0.01,2024_proporsi-smk-yang-memiliki-fasilitas-komputer-untuk-tujuan-pengajaran-2024-smk-mak-sederaj.xlsx,https://cdn.data-portal.belajar.id/Aset-Dataset/20250121/3deb266db17a50109c28a07db09ba3256766ea855cd2b177dae6db1926568d81.xlsx,https://data.kemendikdasmen.go.id/dataset/proporsi-smk-yang-memiliki-fasilitas-komputer-untuk-tujuan-pengajaran-2024-smk-mak-sederajat
2024,Prioritas,Proporsi SMK yang memiliki fasilitas listrik,SMK/MAK/Sederajat,,Pusat Data dan Teknologi Informasi,Tahunan,2025-01-22,0.01,2024_proporsi-smk-yang-memiliki-fasilitas-listrik-2024.xlsx,https://cdn.data-portal.belajar.id/Aset-Dataset/20250117/e9b743d54742b0e25fb5d30c450bb142cffff5f075220bb412b827128b1fffb1.xlsx,https://data.kemendikdasmen.go.id/dataset/proporsi-smk-yang-memiliki-fasilitas-listrik-2024
2024,Prioritas,Proporsi SMK yang memiliki fasilitas sanitasi dasar per jenis kelamin,SMK/MAK/Sederajat,,Pusat Data dan Teknologi Informasi,Tahunan,2025-02-07,0.01,2024_proporsi-smk-yang-memiliki-fasilitas-sanitasi-dasar-per-jenis-kelamin-2024-smk-mak-sederaj.xlsx,https://cdn.data-portal.belajar.id/Aset-Dataset/20250206/fa4e3a27c0aac10a4099bb86e88573196858d6ae7e13ff4bb2dd4c95da70a92b.xlsx,https://data.kemendikdasmen.go.id/dataset/proporsi-smk-yang-memiliki-fasilitas-sanitasi-dasar-per-jenis-kelamin-2024-smk-mak-sederajat
2024,Prioritas,Proporsi SMP yang memiliki fasilitas air minum layak,SMP/MTs/Sederajat,,Pusat Data dan Teknologi Informasi,Tahunan,2025-02-11,0.01,2024_proporsi-smp-yang-memiliki-fasilitas-air-minum-layak-2024-smp-mts-sederajat.xlsx,https://cdn.data-portal.belajar.id/Aset-Dataset/20250211/436b24ae7fadb98b3dd1db84120088dd3a78c85bf7badbeb1037a4e2e7319c15.xlsx,https://data.kemendikdasmen.go.id/dataset/proporsi-smp-yang-memiliki-fasilitas-air-minum-layak-2024-smp-mts-sederajat
2024,Prioritas,"Proporsi SMP yang memiliki fasilitas cuci tangan (terdiri air, sanitasi, dan higienis bagi semua (WASH)",SMP/MTs/Sederajat,,Pusat Data dan Teknologi Informasi,Tahunan,2025-02-07,0.01,2024_proporsi-smp-yang-memiliki-fasilitas-cuci-tangan-terdiri-air-sanitasi-dan-higienis-bagi-se.xlsx,https://cdn.data-portal.belajar.id/Aset-Dataset/20250207/f44940e6bea116f101ba09e387eaa09dda68349ad6298dbe168be2438d6c4656.xlsx,https://data.kemendikdasmen.go.id/dataset/proporsi-smp-yang-memiliki-fasilitas-cuci-tangan-terdiri-air-sanitasi-dan-higienis-bagi-semua-wash-2024-smp-mts-sederajat
2024,Prioritas,Proporsi SMP yang memiliki fasilitas internet untuk tujuan pengajaran,SMP/MTs/Sederajat,,Pusat Data dan Teknologi Informasi,Tahunan,2025-01-22,0.01,2024_proporsi-smp-yang-memiliki-fasilitas-internet-untuk-tujuan-pengajaran-2024-sd-mi-sederajat.xlsx,https://cdn.data-portal.belajar.id/Aset-Dataset/20250121/0dccaa851015bcf2eb71c4eb11c2fb403dd2b1f8092866a1b855a1ad6ffd40fd.xlsx,https://data.kemendikdasmen.go.id/dataset/proporsi-smp-yang-memiliki-fasilitas-internet-untuk-tujuan-pengajaran-2024-sd-mi-sederajat
2024,Prioritas,Proporsi SMP yang memiliki fasilitas komputer untuk tujuan pengajaran,SMP/MTs/Sederajat,,Pusat Data dan Teknologi Informasi,Tahunan,2025-01-22,0.01,2024_proporsi-smp-yang-memiliki-fasilitas-komputer-untuk-tujuan-pengajaran-2024-smp-mts-sederaj.xlsx,https://cdn.data-portal.belajar.id/Aset-Dataset/20250121/cf57b993d9b988e940e80facc34a37b512d28573a87dfde33ee7006291dd007d.xlsx,https://data.kemendikdasmen.go.id/dataset/proporsi-smp-yang-memiliki-fasilitas-komputer-untuk-tujuan-pengajaran-2024-smp-mts-sederajat
2024,Prioritas,Proporsi SMP yang memiliki fasilitas listrik,SMP/MTs/Sederajat,,Pusat Data dan Teknologi Informasi,Tahunan,2025-01-22,0.01,2024_proporsi-smp-yang-memiliki-fasilitas-listrik-2024.xlsx,https://cdn.data-portal.belajar.id/Aset-Dataset/20250117/87ba64549c6a742303fbce05f398e5045d03029117957984039fa41db929a4c5.xlsx,https://data.kemendikdasmen.go.id/dataset/proporsi-smp-yang-memiliki-fasilitas-listrik-2024
2024,Prioritas,Proporsi SMP yang memiliki fasilitas sanitasi dasar per jenis kelamin,SMP/MTs/Sederajat,,Pusat Data dan Teknologi Informasi,Tahunan,2025-02-07,0.01,2024_proporsi-smp-yang-memiliki-fasilitas-sanitasi-dasar-per-jenis-kelamin-2024-smp-mts-sederaj.xlsx,https://cdn.data-portal.belajar.id/Aset-Dataset/20250206/46af614472b9f0a761db92455ec4eba98291560d5bc44a5d0afef476f871970e.xlsx,https://data.kemendikdasmen.go.id/dataset/proporsi-smp-yang-memiliki-fasilitas-sanitasi-dasar-per-jenis-kelamin-2024-smp-mts-sederajat
2024,Prioritas,Proporsi anak di atas batas kompetensi minimal dalam asesmen kompetensi,,,Badan Kebijakan Pendidikan Dasar dan Menengah,Tahunan,2025-02-07,0.02,2024_proporsi-anak-di-atas-batas-kompetensi-minimal-dalam-asesmen-kompetensi-2024.xlsx,https://cdn.data-portal.belajar.id/Aset-Dataset/20250203/0f38dd3b0cf4ffccc016ddb5141bbeb026762709a6e04ea97626210d4e646a4a.xlsx,https://data.kemendikdasmen.go.id/dataset/proporsi-anak-di-atas-batas-kompetensi-minimal-dalam-asesmen-kompetensi-2024
2024,Prioritas,Proporsi anak di atas batas kompetensi minimal dalam tes PISA (%): Matematika,,,Badan Kebijakan Pendidikan Dasar dan Menengah,3 Tahunan,2025-02-27,0.01,2024_proporsi-anak-di-atas-batas-kompetensi-minimal-dalam-tes-pisa-matematika-2024.xlsx,https://cdn.data-portal.belajar.id/Aset-Dataset/20250115/b31ab4b4e6047bb4f12e8e2080ff3756c8a81de4904f31bf3f6a856d06916c4a.xlsx,https://data.kemendikdasmen.go.id/dataset/proporsi-anak-di-atas-batas-kompetensi-minimal-dalam-tes-pisa-matematika-2024
2024,Prioritas,Proporsi anak di atas batas kompetensi minimal dalam tes PISA (%): Membaca,,,Badan Kebijakan Pendidikan Dasar dan Menengah,3 Tahunan,2025-02-27,0.02,2024_proporsi-anak-di-atas-batas-kompetensi-minimal-dalam-tes-pisa-membaca-2024.xlsx,https://cdn.data-portal.belajar.id/Aset-Dataset/20250115/10af3f228878221b268298554a0bccc80ef5db91a4b47430a7b244193d03a33d.xlsx,https://data.kemendikdasmen.go.id/dataset/proporsi-anak-di-atas-batas-kompetensi-minimal-dalam-tes-pisa-membaca-2024
2024,Prioritas,Proporsi anak di atas batas kompetensi minimal dalam tes PISA (%): Sains,,,Badan Kebijakan Pendidikan Dasar dan Menengah,3 Tahunan,2025-02-27,0.02,2024_proporsi-anak-di-atas-batas-kompetensi-minimal-dalam-tes-pisa-sains-2024.xlsx,https://cdn.data-portal.belajar.id/Aset-Dataset/20250115/639e27f205f1a96c49a9a6dbff6e97485f9bfdddc97e81118ccaf7cfb94daf4b.xlsx,https://data.kemendikdasmen.go.id/dataset/proporsi-anak-di-atas-batas-kompetensi-minimal-dalam-tes-pisa-sains-2024
2024,Prioritas,"Proporsi anak-anak dan remaja di: (a) kelas 5 (b) kelas 8, dan (c) usia 15 tahun yang mencapai setidaknya tingkat kemahiran minimum dalam: (i) membaca, (ii) matematika",,,Badan Kebijakan Pendidikan Dasar dan Menengah,Tahunan,2025-02-07,0.02,2024_proporsi-anak-anak-dan-remaja-di-a-kelas-5-b-kelas-8-dan-c-usia-15-tahun-yang-mencapai-set.xlsx,https://cdn.data-portal.belajar.id/Aset-Dataset/20250203/26a8f8e8d15798e32c71a54b0b4562c2b96d624e34f51e355d7941abdc078699.xlsx,https://data.kemendikdasmen.go.id/dataset/proporsi-anak-anak-dan-remaja-di-a-kelas-5-b-kelas-8-dan-c-usia-15-tahun-yang-mencapai-setidaknya-tingkat-kemahiran-minimum-dalam-i-membaca-ii-matematika-2024
2024,Prioritas,"Rata-rata Nilai Programme for International Student Assessment (PISA) (matematika, membaca, sains)",,,Badan Kebijakan Pendidikan Dasar dan Menengah,3 Tahunan,2025-02-27,0.01,2024_rata-rata-nilai-programme-for-international-student-assessment-pisa-matematika-membaca-sai.xlsx,https://cdn.data-portal.belajar.id/Aset-Dataset/20250115/d5f3f933e64f1c35293b1a9bac818f66bacb36f1ef041ff249b0858a6015bb46.xlsx,https://data.kemendikdasmen.go.id/dataset/rata-rata-nilai-programme-for-international-student-assessment-pisa-matematika-membaca-sains-2024
2023,Prioritas,Angka Mengulang Tahun Ajaran 2022/2023,,,Pusat Data dan Teknologi Informasi,Tahunan,2025-02-25,0.17,2023_angka-mengulang-tahun-ajaran-2022-2023-2023.xlsx,https://cdn.data-portal.belajar.id/Aset-Dataset/20250225/f7453d999462a58bae286057e24f4610c23742a0c13365b584c4960c35890842.xlsx,https://data.kemendikdasmen.go.id/dataset/angka-mengulang-tahun-ajaran-2022-2023-2023
2023,Prioritas,Data Bantuan Pendidikan (PIP),,Indonesia,Pusat Layanan dan Pembiayaan Pendidikan,Tahunan,2025-02-06,0.14,2023_data-bantuan-pendidikan-pip.xlsx,https://cdn.data-portal.belajar.id/Aset-Dataset/20241105/5c71f83f8e14ee1a9aa8ded031c2740f906810b0d1f11d39a619daf4523977c0.xlsx,https://data.kemendikdasmen.go.id/dataset/data-bantuan-pendidikan-pip
2023,Prioritas,Data Beasiswa afirmasi daerah tertinggal,,Indonesia,Pusat Layanan dan Pembiayaan Pendidikan,Tahunan,2025-02-06,0.14,2023_data-beasiswa-afirmasi-daerah-tertinggal.xlsx,https://cdn.data-portal.belajar.id/Aset-Dataset/20241105/bdfbbe69bbc16b75c6f026d28ac3de35a68c351b1cb7f7795981e1cac9788c0e.xlsx,https://data.kemendikdasmen.go.id/dataset/data-beasiswa-afirmasi-daerah-tertinggal
2023,Prioritas,Data Perguruan Tinggi Penerima BOPTN dan besaran alokasinya,,Indonesia,Direktorat Jenderal Pendidikan Tinggi,Tahunan,2025-02-06,0.15,2023_data-perguruan-tinggi-penerima-boptn-dan-besaran-alokasinya.xlsx,https://cdn.data-portal.belajar.id/Aset-Dataset/20241105/eafad9e10c26021e4ee945ad0f2e16a6aaf966b16bfb03a63bbe1d9ccf14b3fd.xlsx,https://data.kemendikdasmen.go.id/dataset/data-perguruan-tinggi-penerima-boptn-dan-besaran-alokasinya
2023,Prioritas,Data SIPLAH (Sistem Informasi Pengadaan Sekolah),,Indonesia,Pusat Data dan Teknologi Informasi,Tahunan,2025-02-06,0.14,2023_data-siplah-sistem-informasi-pengadaan-sekolah.xlsx,https://cdn.data-portal.belajar.id/Aset-Dataset/20241105/497d0408c7ded8eed78ad3760bd50620afaf678b7b22d165c759e33b8a0caa3f.xlsx,https://data.kemendikdasmen.go.id/dataset/data-siplah-sistem-informasi-pengadaan-sekolah
2023,Prioritas,Data Sebaran dan Kualitas SMK,SMK/MAK/Sederajat,Indonesia,Direktorat Jenderal Pendidikan Vokasi,Tahunan,2025-02-06,0.15,2023_data-sebaran-dan-kualitas-smk.xlsx,https://cdn.data-portal.belajar.id/Aset-Dataset/20241105/7a9f5523e6ffe6edc7988046f5b0781f531669c36f0a53355ba069c388662bba.xlsx,https://data.kemendikdasmen.go.id/dataset/data-sebaran-dan-kualitas-smk
2023,Prioritas,Jumlah LPTK menurut status akreditasi,,Indonesia,Direktorat Jenderal Pendidikan Tinggi,Tahunan,2025-02-06,0.14,2023_jumlah-lptk-menurut-status-akreditasi.xlsx,https://cdn.data-portal.belajar.id/Aset-Dataset/20241105/bd3cc416eb81050859d9b500b30f2106b3543363c338da18483da703a2d4b694.xlsx,https://data.kemendikdasmen.go.id/dataset/jumlah-lptk-menurut-status-akreditasi
2023,Prioritas,Jumlah Lembaga Perguruan Tinggi Akademik menurut status akreditasi,,Indonesia,Direktorat Jenderal Pendidikan Tinggi,Tahunan,2025-02-06,0.14,2023_jumlah-lembaga-perguruan-tinggi-akademik-menurut-status-akreditasi.xlsx,https://cdn.data-portal.belajar.id/Aset-Dataset/20241105/205a45949afea1519c0eb085c1d27f9c397d7c42630728d1c8c3c92b176158ed.xlsx,https://data.kemendikdasmen.go.id/dataset/jumlah-lembaga-perguruan-tinggi-akademik-menurut-status-akreditasi
2023,Prioritas,Jumlah Lembaga Perguruan Tinggi Vokasi menurut status akreditasi,,Indonesia,Direktorat Jenderal Pendidikan Vokasi,Tahunan,2025-02-06,0.14,2023_jumlah-lembaga-perguruan-tinggi-vokasi-menurut-status-akreditasi.xlsx,https://cdn.data-portal.belajar.id/Aset-Dataset/20241105/55e209dc8753f2080420022cef2ccb5bef8df706a09f17df581fb17fbffcef41.xlsx,https://data.kemendikdasmen.go.id/dataset/jumlah-lembaga-perguruan-tinggi-vokasi-menurut-status-akreditasi
2023,Prioritas,Jumlah Lulusan Perguruan Tinggi Perguruan Tinggi Akademik,,Indonesia,Direktorat Jenderal Pendidikan Tinggi,Tahunan,2025-02-06,0.14,2023_jumlah-lulusan-perguruan-tinggi-perguruan-tinggi-akademik.xlsx,https://cdn.data-portal.belajar.id/Aset-Dataset/20241105/2f6158bd2712da65b088d4d8335a49beb53964fd508c6fbb496d7bcfd9e26b94.xlsx,https://data.kemendikdasmen.go.id/dataset/jumlah-lulusan-perguruan-tinggi-perguruan-tinggi-akademik
2023,Prioritas,Jumlah Lulusan Perguruan Tinggi Perguruan Tinggi Vokasi,,Indonesia,Direktorat Jenderal Pendidikan Vokasi,Tahunan,2025-02-06,0.14,2023_jumlah-lulusan-perguruan-tinggi-perguruan-tinggi-vokasi.xlsx,https://cdn.data-portal.belajar.id/Aset-Dataset/20241105/0bb74c13f44ea4a507318b10b1a4602825ad6d3b53b961220014ebef9c8556c3.xlsx,https://data.kemendikdasmen.go.id/dataset/jumlah-lulusan-perguruan-tinggi-perguruan-tinggi-vokasi
2023,Prioritas,Jumlah Mahasiswa Penerima Beasiswa Bantuan Beasiswa KIP Kuliah,,Indonesia,Direktorat Jenderal Pendidikan Tinggi,Tahunan,2025-02-06,0.14,2023_jumlah-mahasiswa-penerima-beasiswa-bantuan-beasiswa-kip-kuliah.xlsx,https://cdn.data-portal.belajar.id/Aset-Dataset/20241105/dacf10b17fdb371609efb48b9dd89a386abe22962525fc91a46c7e5ec14699cd.xlsx,https://data.kemendikdasmen.go.id/dataset/jumlah-mahasiswa-penerima-beasiswa-bantuan-beasiswa-kip-kuliah
2023,Prioritas,Jumlah Mahasiswa Perguruan Tinggi Akademik,,Indonesia,Direktorat Jenderal Pendidikan Tinggi,Tahunan,2025-02-06,0.14,2023_jumlah-mahasiswa-perguruan-tinggi-akademik.xlsx,https://cdn.data-portal.belajar.id/Aset-Dataset/20241105/0abfe0277a1cc65e8d304862407f9815be8381913c079b71de5f56063450a8c0.xlsx,https://data.kemendikdasmen.go.id/dataset/jumlah-mahasiswa-perguruan-tinggi-akademik
2023,Prioritas,Jumlah Mahasiswa Perguruan Tinggi Vokasi,,Indonesia,Direktorat Jenderal Pendidikan Vokasi,Tahunan,2025-02-06,0.14,2023_jumlah-mahasiswa-perguruan-tinggi-vokasi.xlsx,https://cdn.data-portal.belajar.id/Aset-Dataset/20241105/0efcd0071f6dd5927e64e0b055504f51190f9fcf5e82533509b28c2205c502b2.xlsx,https://data.kemendikdasmen.go.id/dataset/jumlah-mahasiswa-perguruan-tinggi-vokasi
2023,Prioritas,Jumlah Program Studi menurut status akreditasi Sains dan Teknologi,,Indonesia,Direktorat Jenderal Pendidikan Tinggi,Tahunan,2025-02-06,0.14,2023_jumlah-program-studi-menurut-status-akreditasi-sains-dan-teknologi.xlsx,https://cdn.data-portal.belajar.id/Aset-Dataset/20241105/40cce31d77c36b3c662fa8ca9cf1cad4790aa986995ed24efdaf396d9bdce984.xlsx,https://data.kemendikdasmen.go.id/dataset/jumlah-program-studi-menurut-status-akreditasi-sains-dan-teknologi
2023,Prioritas,Jumlah Program Studi menurut status akreditasi Sosial Humaniora,,Indonesia,Direktorat Jenderal Pendidikan Tinggi,Tahunan,2025-02-06,0.14,2023_jumlah-program-studi-menurut-status-akreditasi-sosial-humaniora.xlsx,https://cdn.data-portal.belajar.id/Aset-Dataset/20241105/89b820260b7fb3eb8c5079a5497204b0d268d2cf90f1ba70d1320b96b3ee49a0.xlsx,https://data.kemendikdasmen.go.id/dataset/jumlah-program-studi-menurut-status-akreditasi-sosial-humaniora
2023,Prioritas,Jumlah SDM Pendidikan Tinggi (Dosen) di perguruan tinggi akademik menurut kualifikasi pendidikan,,Indonesia,Direktorat Jenderal Pendidikan Tinggi,Tahunan,2025-02-06,0.14,2023_jumlah-sdm-pendidikan-tinggi-dosen-di-perguruan-tinggi-akademik-menurut-kualifikasi-pendid.xlsx,https://cdn.data-portal.belajar.id/Aset-Dataset/20241105/0d342bf0167043e9a541b6eddea0451f8e2acbe24870220508f31d8eced1984b.xlsx,https://data.kemendikdasmen.go.id/dataset/jumlah-sdm-pendidikan-tinggi-dosen-di-perguruan-tinggi-akademik-menurut-kualifikasi-pendidikan
2023,Prioritas,Jumlah SDM Pendidikan Tinggi (Dosen) di perguruan tinggi vokasi menurut kualifikasi pendidikan,,Indonesia,Direktorat Jenderal Pendidikan Vokasi,Tahunan,2025-02-07,0.14,2023_jumlah-sdm-pendidikan-tinggi-dosen-di-perguruan-tinggi-vokasi-menurut-kualifikasi-pendidik.xlsx,https://cdn.data-portal.belajar.id/Aset-Dataset/20241105/9b8c9efc8d16540fa93f9858de3f290d232caff27373f950ecefb2abe58a65b2.xlsx,https://data.kemendikdasmen.go.id/dataset/jumlah-sdm-pendidikan-tinggi-dosen-di-perguruan-tinggi-vokasi-menurut-kualifikasi-pendidikan
2023,Prioritas,Jumlah Satuan Pendidikan,,Indonesia,Pusat Data dan Teknologi Informasi,Tahunan,2025-02-07,0.2,2023_jumlah-satuan-pendidikan.xlsx,https://cdn.data-portal.belajar.id/Aset-Dataset/20241105/6e4f4001a4d18bdade8082dc89d4e520ffc7c4f58d371c89f5b1f875cee85f9e.xlsx,https://data.kemendikdasmen.go.id/dataset/jumlah-satuan-pendidikan
2023,Prioritas,Jumlah Satuan Pendidikan yang mempunyai guru yang mengajar muatan lokal bahasa daerah dan ekstrakurikuler kesenian,,Indonesia,Pusat Data dan Teknologi Informasi,Tahunan,2025-02-07,0.17,2023_jumlah-satuan-pendidikan-yang-mempunyai-guru-yang-mengajar-muatan-lokal-bahasa-daerah-dan-.xlsx,https://cdn.data-portal.belajar.id/Aset-Dataset/20241105/f1186c4e533f9b6977c0c152db5b16ef961dd8aa8d61062ecf0385326460ae3d.xlsx,https://data.kemendikdasmen.go.id/dataset/jumlah-satuan-pendidikan-yang-mempunyai-guru-yang-mengajar-muatan-lokal-bahasa-daerah-dan-ekstrakurikuler-kesenian
2023,Prioritas,Jumlah Siswa Putus sekolah SD,SD/MI/Sederajat,Indonesia,Pusat Data dan Teknologi Informasi,Tahunan,2025-02-07,0.04,2023_jumlah-siswa-putus-sekolah-sd.xlsx,https://cdn.data-portal.belajar.id/Aset-Dataset/20241105/6661a7fe7ab8b78252e48fb6dfd28e1f9b976a1e9384332672abdea1bb1c071d.xlsx,https://data.kemendikdasmen.go.id/dataset/jumlah-siswa-putus-sekolah-sd
2023,Prioritas,Jumlah Siswa Putus sekolah SMA,SMA/MA/Sederajat,Indonesia,Pusat Data dan Teknologi Informasi,Tahunan,2025-02-07,0.16,2023_jumlah-siswa-putus-sekolah-sma.xlsx,https://cdn.data-portal.belajar.id/Aset-Dataset/20241105/e85ce3aeeba75bcba93416044855ad4073e80e3dceda5735bd9046467e7bc88c.xlsx,https://data.kemendikdasmen.go.id/dataset/jumlah-siswa-putus-sekolah-sma
2023,Prioritas,Jumlah Siswa Putus sekolah SMK,SMK/MAK/Sederajat,Indonesia,Pusat Data dan Teknologi Informasi,Tahunan,2025-02-07,0.16,2023_jumlah-siswa-putus-sekolah-smk.xlsx,https://cdn.data-portal.belajar.id/Aset-Dataset/20241105/c9a5071fcc67c477b373cdb75e2ea171fe63110718d3ff828537303825e20773.xlsx,https://data.kemendikdasmen.go.id/dataset/jumlah-siswa-putus-sekolah-smk
2023,Prioritas,Jumlah Siswa Putus sekolah SMP,SMP/MTs/Sederajat,Indonesia,Pusat Data dan Teknologi Informasi,Tahunan,2025-02-07,0.16,2023_jumlah-siswa-putus-sekolah-smp.xlsx,https://cdn.data-portal.belajar.id/Aset-Dataset/20241105/0b992e8a228d2d16306c6c5aa8300cc754a7590fc9bd525150b8d34c533e38a0.xlsx,https://data.kemendikdasmen.go.id/dataset/jumlah-siswa-putus-sekolah-smp
2023,Prioritas,Jumlah guru di sekolah luar biasa (SLB) berdasarkan status kepegawaian,,Indonesia,Pusat Data dan Teknologi Informasi,Tahunan,2025-02-05,0.17,2023_jumlah-guru-di-sekolah-luar-biasa-slb-berdasarkan-status-kepegawaian.xlsx,https://cdn.data-portal.belajar.id/Aset-Dataset/20241105/822570325f68173e0ffde616990571b6451fb8295b2f0941b2b4b5b1ef23c8b9.xlsx,https://data.kemendikdasmen.go.id/dataset/jumlah-guru-di-sekolah-luar-biasa-slb-berdasarkan-status-kepegawaian
2023,Prioritas,Jumlah penyandang kebutuhan khusus yang masih sekolah,,Indonesia,Pusat Data dan Teknologi Informasi,Tahunan,2025-02-06,0.14,2023_jumlah-penyandang-kebutuhan-khusus-yang-masih-sekolah.xlsx,https://cdn.data-portal.belajar.id/Aset-Dataset/20241105/d8f0723dee34b251e4e57c1e01828e93dfa6338467c49c69b216e5921d964370.xlsx,https://data.kemendikdasmen.go.id/dataset/jumlah-penyandang-kebutuhan-khusus-yang-masih-sekolah
2023,Prioritas,Jumlah sekolah luar biasa (SLB) berdasarkan jenjang pendidikan,,Indonesia,Pusat Data dan Teknologi Informasi,Tahunan,2024-11-05,0.17,2023_jumlah-sekolah-luar-biasa-slb-berdasarkan-jenjang-pendidikan.xlsx,https://cdn.data-portal.belajar.id/Aset-Dataset/20241105/c595ced2715fe1bf5b01f2dd27db2d57444fe001a617416f5415304ecf0ffeca.xlsx,https://data.kemendikdasmen.go.id/dataset/jumlah-sekolah-luar-biasa-slb-berdasarkan-jenjang-pendidikan
2023,Prioritas,Ketersediaan Fasilitas Pendidikan SD,SD/MI/Sederajat,Indonesia,Pusat Data dan Teknologi Informasi,Tahunan,2025-02-06,0.19,2023_ketersediaan-fasilitas-pendidikan-sd.xlsx,https://cdn.data-portal.belajar.id/Aset-Dataset/20241105/54e8355e8b43bad3f203617d360a671f620edf9edbc7e1e936016ce2e6a0cca3.xlsx,https://data.kemendikdasmen.go.id/dataset/ketersediaan-fasilitas-pendidikan-sd
2023,Prioritas,Ketersediaan Fasilitas Pendidikan SMA,SMA/MA/Sederajat,Indonesia,Pusat Data dan Teknologi Informasi,Tahunan,2025-02-07,0.19,2023_ketersediaan-fasilitas-pendidikan-sma.xlsx,https://cdn.data-portal.belajar.id/Aset-Dataset/20241105/dcf224c7873ed4ac8537a311826a95cb0bd20d4442699c00d79a648ced1e36be.xlsx,https://data.kemendikdasmen.go.id/dataset/ketersediaan-fasilitas-pendidikan-sma
2023,Prioritas,Ketersediaan Fasilitas Pendidikan SMK,SMK/MAK/Sederajat,Indonesia,Pusat Data dan Teknologi Informasi,Tahunan,2025-02-07,0.19,2023_ketersediaan-fasilitas-pendidikan-smk.xlsx,https://cdn.data-portal.belajar.id/Aset-Dataset/20241105/7b248a21a51c434b46cb3eea690abdd718cbb70b19825c7e3bd74360fe74053e.xlsx,https://data.kemendikdasmen.go.id/dataset/ketersediaan-fasilitas-pendidikan-smk
2023,Prioritas,Ketersediaan Fasilitas Pendidikan SMP,SMP/MTs/Sederajat,Indonesia,Pusat Data dan Teknologi Informasi,Tahunan,2025-02-07,0.19,2023_ketersediaan-fasilitas-pendidikan-smp.xlsx,https://cdn.data-portal.belajar.id/Aset-Dataset/20241105/5ee5d346cf5d56691832ab80f98c22658d539867a4e3e709e892a22c11257438.xlsx,https://data.kemendikdasmen.go.id/dataset/ketersediaan-fasilitas-pendidikan-smp
2023,Prioritas,Kondisi ruang kelas-rusak berat-SD,SD/MI/Sederajat,Indonesia,Pusat Data dan Teknologi Informasi,Tahunan,2025-02-07,0.2,2023_kondisi-ruang-kelas-rusak-berat-sd.xlsx,https://cdn.data-portal.belajar.id/Aset-Dataset/20241105/18573d786866088078bd059aecb2da1069862126ab2d806fd22d1f48e34665eb.xlsx,https://data.kemendikdasmen.go.id/dataset/kondisi-ruang-kelas-rusak-berat-sd
2023,Prioritas,Kondisi ruang kelas-rusak berat-SMA,SMA/MA/Sederajat,Indonesia,Pusat Data dan Teknologi Informasi,Tahunan,2025-02-07,0.19,2023_kondisi-ruang-kelas-rusak-berat-sma.xlsx,https://cdn.data-portal.belajar.id/Aset-Dataset/20241105/4cafd880703cd9f5135fe2e578946481607f2ab9d6e603aaec968a155aa4fc0f.xlsx,https://data.kemendikdasmen.go.id/dataset/kondisi-ruang-kelas-rusak-berat-sma
2023,Prioritas,Kondisi ruang kelas-rusak berat-SMK,SMK/MAK/Sederajat,Indonesia,Pusat Data dan Teknologi Informasi,Tahunan,2025-02-07,0.06,2023_kondisi-ruang-kelas-rusak-berat-smk.xlsx,https://cdn.data-portal.belajar.id/Aset-Dataset/20241105/610a3d20c5ed4b307eb5b9f33d3035c78e5e1d972c0c206eb174613a70e722f9.xlsx,https://data.kemendikdasmen.go.id/dataset/kondisi-ruang-kelas-rusak-berat-smk
2023,Prioritas,Kondisi ruang kelas-rusak berat-SMP,SMP/MTs/Sederajat,Indonesia,Pusat Data dan Teknologi Informasi,Tahunan,2025-02-07,0.06,2023_kondisi-ruang-kelas-rusak-berat-smp.xlsx,https://cdn.data-portal.belajar.id/Aset-Dataset/20241105/30b39bf842fad8eb8cb235abd2527bdf6076cf94695e154937861ecf614f0efb.xlsx,https://data.kemendikdasmen.go.id/dataset/kondisi-ruang-kelas-rusak-berat-smp
2023,Prioritas,Persentase guru dengan kualifikasi minimal S1 pada jenjang SD,SD/MI/Sederajat,Indonesia,Pusat Data dan Teknologi Informasi,Tahunan,2025-02-07,0.18,2023_persentase-guru-dengan-kualifikasi-minimal-s1-pada-jenjang-sd.xlsx,https://cdn.data-portal.belajar.id/Aset-Dataset/20241105/29b564787fc044faaa8b300f53a187d60a1628515b454d0265ecc75106669a1f.xlsx,https://data.kemendikdasmen.go.id/dataset/persentase-guru-dengan-kualifikasi-minimal-s1-pada-jenjang-sd
2023,Prioritas,Persentase guru dengan kualifikasi minimal S1 pada jenjang SMA,SMA/MA/Sederajat,Indonesia,Pusat Data dan Teknologi Informasi,Tahunan,2025-02-07,0.17,2023_persentase-guru-dengan-kualifikasi-minimal-s1-pada-jenjang-sma.xlsx,https://cdn.data-portal.belajar.id/Aset-Dataset/20241105/8622d2a91e54a118fe75b4189ff45a73496076b18818e6b37aab6e76e384526a.xlsx,https://data.kemendikdasmen.go.id/dataset/persentase-guru-dengan-kualifikasi-minimal-s1-pada-jenjang-sma
2023,Prioritas,Persentase guru dengan kualifikasi minimal S1 pada jenjang SMK,SMK/MAK/Sederajat,Indonesia,Pusat Data dan Teknologi Informasi,Tahunan,2025-02-07,0.17,2023_persentase-guru-dengan-kualifikasi-minimal-s1-pada-jenjang-smk.xlsx,https://cdn.data-portal.belajar.id/Aset-Dataset/20241105/41c02985851c50aaf785c23ce64efefa39cb1c240fb190a68e2b96c2bebabf63.xlsx,https://data.kemendikdasmen.go.id/dataset/persentase-guru-dengan-kualifikasi-minimal-s1-pada-jenjang-smk
2023,Prioritas,Persentase guru dengan kualifikasi minimal S1 pada jenjang SMP,SMP/MTs/Sederajat,Indonesia,Pusat Data dan Teknologi Informasi,Tahunan,2025-02-07,0.17,2023_persentase-guru-dengan-kualifikasi-minimal-s1-pada-jenjang-smp.xlsx,https://cdn.data-portal.belajar.id/Aset-Dataset/20241105/f074bd0010804246b9f6abce90f158e21a40ce3a8fdc5feef1c7856e00277de0.xlsx,https://data.kemendikdasmen.go.id/dataset/persentase-guru-dengan-kualifikasi-minimal-s1-pada-jenjang-smp
2023,Prioritas,Persentase guru yang bersertifikat pendidik pada jenjang SD,SD/MI/Sederajat,Indonesia,Pusat Data dan Teknologi Informasi,Tahunan,2025-02-07,0.05,2023_persentase-guru-yang-bersertifikat-pendidik-pada-jenjang-sd.xlsx,https://cdn.data-portal.belajar.id/Aset-Dataset/20241105/a1258c73c2bc2a3c22102b6a131f96c60dc6d4fdea148f8e487a69ccc8caf0ef.xlsx,https://data.kemendikdasmen.go.id/dataset/persentase-guru-yang-bersertifikat-pendidik-pada-jenjang-sd
2023,Prioritas,Persentase guru yang bersertifikat pendidik pada jenjang SMA,SMA/MA/Sederajat,Indonesia,Pusat Data dan Teknologi Informasi,Tahunan,2025-02-07,0.17,2023_persentase-guru-yang-bersertifikat-pendidik-pada-jenjang-sma.xlsx,https://cdn.data-portal.belajar.id/Aset-Dataset/20241105/6718a98b7311d1202b06ad95b52e7c83aad8dc5744575afa15877932d79bc7ae.xlsx,https://data.kemendikdasmen.go.id/dataset/persentase-guru-yang-bersertifikat-pendidik-pada-jenjang-sma
2023,Prioritas,Persentase guru yang bersertifikat pendidik pada jenjang SMK,SMK/MAK/Sederajat,Indonesia,Pusat Data dan Teknologi Informasi,Tahunan,2025-02-07,0.17,2023_persentase-guru-yang-bersertifikat-pendidik-pada-jenjang-smk.xlsx,https://cdn.data-portal.belajar.id/Aset-Dataset/20241105/d08123969cbe4e2678100c618711f768862451a197d40e367522d2f7d53e659c.xlsx,https://data.kemendikdasmen.go.id/dataset/persentase-guru-yang-bersertifikat-pendidik-pada-jenjang-smk
2023,Prioritas,Persentase guru yang bersertifikat pendidik pada jenjang SMP,SMP/MTs/Sederajat,Indonesia,Pusat Data dan Teknologi Informasi,Tahunan,2025-02-07,0.17,2023_persentase-guru-yang-bersertifikat-pendidik-pada-jenjang-smp.xlsx,https://cdn.data-portal.belajar.id/Aset-Dataset/20241105/b65f201c61a95815a94acc1c8f317177dc1b6953ae5d7b0a0858360b3e94bf69.xlsx,https://data.kemendikdasmen.go.id/dataset/persentase-guru-yang-bersertifikat-pendidik-pada-jenjang-smp
2023,Prioritas,Proporsi sekolah dengan akses ke internet untuk tujuan pembelajaran pada jenjang SD,SD/MI/Sederajat,Indonesia,Pusat Data dan Teknologi Informasi,Tahunan,2025-02-07,0.05,2023_proporsi-sekolah-dengan-akses-ke-internet-untuk-tujuan-pembelajaran-pada-jenjang-sd.xlsx,https://cdn.data-portal.belajar.id/Aset-Dataset/20241105/d2b474c948d278cb878ca5da6acc6bc5c8bf271dbd305df2888a0fdbf5b562d7.xlsx,https://data.kemendikdasmen.go.id/dataset/proporsi-sekolah-dengan-akses-ke-internet-untuk-tujuan-pembelajaran-pada-jenjang-sd
2023,Prioritas,Proporsi sekolah dengan akses ke internet untuk tujuan pembelajaran pada jenjang SLB,,Indonesia,Pusat Data dan Teknologi Informasi,Tahunan,2025-02-07,0.04,2023_proporsi-sekolah-dengan-akses-ke-internet-untuk-tujuan-pembelajaran-pada-jenjang-slb.xlsx,https://cdn.data-portal.belajar.id/Aset-Dataset/20241105/cdc7203733671b22a25f7e86706dd7ee7b5137ba85b83538c7c4b0419784b9b2.xlsx,https://data.kemendikdasmen.go.id/dataset/proporsi-sekolah-dengan-akses-ke-internet-untuk-tujuan-pembelajaran-pada-jenjang-slb
2023,Prioritas,Proporsi sekolah dengan akses ke internet untuk tujuan pembelajaran pada jenjang SMA,SMA/MA/Sederajat,Indonesia,Pusat Data dan Teknologi Informasi,Tahunan,2025-02-07,0.04,2023_proporsi-sekolah-dengan-akses-ke-internet-untuk-tujuan-pembelajaran-pada-jenjang-sma.xlsx,https://cdn.data-portal.belajar.id/Aset-Dataset/20241105/6e5fcfea56ec4ffa061abfc503b3fbfd22c7988d1e076f9919fcb9450195d394.xlsx,https://data.kemendikdasmen.go.id/dataset/proporsi-sekolah-dengan-akses-ke-internet-untuk-tujuan-pembelajaran-pada-jenjang-sma
2023,Prioritas,Proporsi sekolah dengan akses ke internet untuk tujuan pembelajaran pada jenjang SMK,SMK/MAK/Sederajat,Indonesia,Pusat Data dan Teknologi Informasi,Tahunan,2025-02-07,0.04,2023_proporsi-sekolah-dengan-akses-ke-internet-untuk-tujuan-pembelajaran-pada-jenjang-smk.xlsx,https://cdn.data-portal.belajar.id/Aset-Dataset/20241105/997b75ed39da193c30fc06773806c9debaa2523eb86d4e850d07df0c84ff3916.xlsx,https://data.kemendikdasmen.go.id/dataset/proporsi-sekolah-dengan-akses-ke-internet-untuk-tujuan-pembelajaran-pada-jenjang-smk
2023,Prioritas,Proporsi sekolah dengan akses ke internet untuk tujuan pembelajaran pada jenjang SMP,SMP/MTs/Sederajat,Indonesia,Pusat Data dan Teknologi Informasi,Tahunan,2025-02-07,0.04,2023_proporsi-sekolah-dengan-akses-ke-internet-untuk-tujuan-pembelajaran-pada-jenjang-smp.xlsx,https://cdn.data-portal.belajar.id/Aset-Dataset/20241105/66c63879bb2e7566c4923ff8fc15c35c2b9b6f27cfdffabfbb92bc457940e409.xlsx,https://data.kemendikdasmen.go.id/dataset/proporsi-sekolah-dengan-akses-ke-internet-untuk-tujuan-pembelajaran-pada-jenjang-smp
2023,Prioritas,Proporsi sekolah dengan akses ke komputer untuk tujuan pembelajaran pada jenjang SD,SD/MI/Sederajat,Indonesia,Pusat Data dan Teknologi Informasi,Tahunan,2025-02-07,0.18,2023_proporsi-sekolah-dengan-akses-ke-komputer-untuk-tujuan-pembelajaran-pada-jenjang-sd.xlsx,https://cdn.data-portal.belajar.id/Aset-Dataset/20241105/34180c775f9d1395be93fbb9b10c5479849395f6be25e84199199e9588e484d2.xlsx,https://data.kemendikdasmen.go.id/dataset/proporsi-sekolah-dengan-akses-ke-komputer-untuk-tujuan-pembelajaran-pada-jenjang-sd
2023,Prioritas,Proporsi sekolah dengan akses ke komputer untuk tujuan pembelajaran pada jenjang SLB,,Indonesia,Pusat Data dan Teknologi Informasi,Tahunan,2025-02-07,0.17,2023_proporsi-sekolah-dengan-akses-ke-komputer-untuk-tujuan-pembelajaran-pada-jenjang-slb.xlsx,https://cdn.data-portal.belajar.id/Aset-Dataset/20241105/d8dcf15fc35fb03e0eaad5bf4c4da806ea1530c72c6b914ba9a2746ff2fd03da.xlsx,https://data.kemendikdasmen.go.id/dataset/proporsi-sekolah-dengan-akses-ke-komputer-untuk-tujuan-pembelajaran-pada-jenjang-slb
2023,Prioritas,Proporsi sekolah dengan akses ke komputer untuk tujuan pembelajaran pada jenjang SMA,SMA/MA/Sederajat,Indonesia,Pusat Data dan Teknologi Informasi,Tahunan,2025-02-07,0.17,2023_proporsi-sekolah-dengan-akses-ke-komputer-untuk-tujuan-pembelajaran-pada-jenjang-sma.xlsx,https://cdn.data-portal.belajar.id/Aset-Dataset/20241105/0e0f1dc6f911a629950cda9f8988a5460d02f24d97f9fe3b68833395b6c6e0cf.xlsx,https://data.kemendikdasmen.go.id/dataset/proporsi-sekolah-dengan-akses-ke-komputer-untuk-tujuan-pembelajaran-pada-jenjang-sma
2023,Prioritas,Proporsi sekolah dengan akses ke komputer untuk tujuan pembelajaran pada jenjang SMK,SMK/MAK/Sederajat,Indonesia,Pusat Data dan Teknologi Informasi,Tahunan,2025-02-07,0.17,2023_proporsi-sekolah-dengan-akses-ke-komputer-untuk-tujuan-pembelajaran-pada-jenjang-smk.xlsx,https://cdn.data-portal.belajar.id/Aset-Dataset/20241105/0e84f23169199009a1a3ecb268207de6148d0d5a1e12ce8797bfecf635ee29eb.xlsx,https://data.kemendikdasmen.go.id/dataset/proporsi-sekolah-dengan-akses-ke-komputer-untuk-tujuan-pembelajaran-pada-jenjang-smk
2023,Prioritas,Proporsi sekolah dengan akses ke komputer untuk tujuan pembelajaran pada jenjang SMP,SMP/MTs/Sederajat,Indonesia,Pusat Data dan Teknologi Informasi,Tahunan,2025-02-07,0.18,2023_proporsi-sekolah-dengan-akses-ke-komputer-untuk-tujuan-pembelajaran-pada-jenjang-smp.xlsx,https://cdn.data-portal.belajar.id/Aset-Dataset/20241105/12904bd07eeba8d510d0ea96dcfb874ea6ee9514ba6e0a53986dbe746234826b.xlsx,https://data.kemendikdasmen.go.id/dataset/proporsi-sekolah-dengan-akses-ke-komputer-untuk-tujuan-pembelajaran-pada-jenjang-smp
2023,Prioritas,Proporsi sekolah dengan akses ke listrik pada jenjang SD,SD/MI/Sederajat,Indonesia,Pusat Data dan Teknologi Informasi,Tahunan,2025-02-07,0.05,2023_proporsi-sekolah-dengan-akses-ke-listrik-pada-jenjang-sd.xlsx,https://cdn.data-portal.belajar.id/Aset-Dataset/20241105/91851bef46dab9de597685b447804d9c41df900e02a1dc392ea7e20aa82dc27b.xlsx,https://data.kemendikdasmen.go.id/dataset/proporsi-sekolah-dengan-akses-ke-listrik-pada-jenjang-sd
2023,Prioritas,Proporsi sekolah dengan akses ke listrik pada jenjang SLB,,Indonesia,Pusat Data dan Teknologi Informasi,Tahunan,2025-02-07,0.04,2023_proporsi-sekolah-dengan-akses-ke-listrik-pada-jenjang-slb.xlsx,https://cdn.data-portal.belajar.id/Aset-Dataset/20241105/d92b361a57bbc339f532b328105e9106acbfc832113565942520b84c8bf09458.xlsx,https://data.kemendikdasmen.go.id/dataset/proporsi-sekolah-dengan-akses-ke-listrik-pada-jenjang-slb
2023,Prioritas,Proporsi sekolah dengan akses ke listrik pada jenjang SMA,SMA/MA/Sederajat,Indonesia,Pusat Data dan Teknologi Informasi,Tahunan,2025-02-07,0.04,2023_proporsi-sekolah-dengan-akses-ke-listrik-pada-jenjang-sma.xlsx,https://cdn.data-portal.belajar.id/Aset-Dataset/20241105/c69e6deeb8f08ae44ebe6b34f45967a25ecba99ca6d93804c81f56d43697942b.xlsx,https://data.kemendikdasmen.go.id/dataset/proporsi-sekolah-dengan-akses-ke-listrik-pada-jenjang-sma
2023,Prioritas,Proporsi sekolah dengan akses ke listrik pada jenjang SMK,SMK/MAK/Sederajat,Indonesia,Pusat Data dan Teknologi Informasi,Tahunan,2025-02-07,0.04,2023_proporsi-sekolah-dengan-akses-ke-listrik-pada-jenjang-smk.xlsx,https://cdn.data-portal.belajar.id/Aset-Dataset/20241105/550ec67888c885d850ba9a891aa5bca207b69248e6f49b96f396847891563eed.xlsx,https://data.kemendikdasmen.go.id/dataset/proporsi-sekolah-dengan-akses-ke-listrik-pada-jenjang-smk
2023,Prioritas,Proporsi sekolah dengan akses ke listrik pada jenjang SMP,SMP/MTs/Sederajat,Indonesia,Pusat Data dan Teknologi Informasi,Tahunan,2025-02-07,0.04,2023_proporsi-sekolah-dengan-akses-ke-listrik-pada-jenjang-smp.xlsx,https://cdn.data-portal.belajar.id/Aset-Dataset/20241105/57497516d0650e7fa20acd7a6a7b42105f7bef63812db96b5852d96907b2f09d.xlsx,https://data.kemendikdasmen.go.id/dataset/proporsi-sekolah-dengan-akses-ke-listrik-pada-jenjang-smp
2023,Prioritas,Rasio Murid-Guru SD,SD/MI/Sederajat,Indonesia,Pusat Data dan Teknologi Informasi,Tahunan,2025-02-07,0.17,2023_rasio-murid-guru-sd.xlsx,https://cdn.data-portal.belajar.id/Aset-Dataset/20241105/1d05febc22bb5ad9f749ccfa6eee06e9444c08256b3f48977f7ff465c78af9d6.xlsx,https://data.kemendikdasmen.go.id/dataset/rasio-murid-guru-sd
2023,Prioritas,Rasio Murid-Guru SMA,SMA/MA/Sederajat,Indonesia,Pusat Data dan Teknologi Informasi,Tahunan,2025-02-07,0.17,2023_rasio-murid-guru-sma.xlsx,https://cdn.data-portal.belajar.id/Aset-Dataset/20241105/cf8f6dd521e24df9c15ae2c6463e104651634986da0c29f18f2394799a11c5a8.xlsx,https://data.kemendikdasmen.go.id/dataset/rasio-murid-guru-sma
2023,Prioritas,Rasio Murid-Guru SMK,SMK/MAK/Sederajat,Indonesia,Pusat Data dan Teknologi Informasi,Tahunan,2025-02-07,0.17,2023_rasio-murid-guru-smk.xlsx,https://cdn.data-portal.belajar.id/Aset-Dataset/20241105/0279270c3a2d0ff22650374b57dccf63fa9489d4372d37585e6d3b68aa66696c.xlsx,https://data.kemendikdasmen.go.id/dataset/rasio-murid-guru-smk
2023,Prioritas,Rasio Murid-Guru SMP,SMP/MTs/Sederajat,Indonesia,Pusat Data dan Teknologi Informasi,Tahunan,2025-02-07,0.17,2023_rasio-murid-guru-smp.xlsx,https://cdn.data-portal.belajar.id/Aset-Dataset/20241105/e8ada6f64cdfe550df4168d93eb55e1857b563fd3f077e6afebe2232b4fea557.xlsx,https://data.kemendikdasmen.go.id/dataset/rasio-murid-guru-smp
2023,Prioritas,Rasio Murid-Rombel SD,SD/MI/Sederajat,Indonesia,Pusat Data dan Teknologi Informasi,Tahunan,2025-02-07,0.17,2023_rasio-murid-rombel-sd.xlsx,https://cdn.data-portal.belajar.id/Aset-Dataset/20241105/95db96661f3a35bf0d346d636105be4a5d0755bc52bfcccc201c1b29e826264a.xlsx,https://data.kemendikdasmen.go.id/dataset/rasio-murid-rombel-sd
2023,Prioritas,Rasio Murid-Rombel SMA,SMA/MA/Sederajat,Indonesia,Pusat Data dan Teknologi Informasi,Tahunan,2025-02-07,0.17,2023_rasio-murid-rombel-sma.xlsx,https://cdn.data-portal.belajar.id/Aset-Dataset/20241105/a77d1d8e2d9875ea106223c4016c5897876fc54b329d3cff80b1bec4a46db19a.xlsx,https://data.kemendikdasmen.go.id/dataset/rasio-murid-rombel-sma
2023,Prioritas,Rasio Murid-Rombel SMK,SMK/MAK/Sederajat,Indonesia,Pusat Data dan Teknologi Informasi,Tahunan,2025-02-07,0.17,2023_rasio-murid-rombel-smk.xlsx,https://cdn.data-portal.belajar.id/Aset-Dataset/20241105/1474c24383d82612059605fc98f5addb782e4314e6f0c2219ee3a0d2002da27c.xlsx,https://data.kemendikdasmen.go.id/dataset/rasio-murid-rombel-smk
2023,Prioritas,Rasio Murid-Rombel SMP,SMP/MTs/Sederajat,Indonesia,Pusat Data dan Teknologi Informasi,Tahunan,2025-02-07,0.17,2023_rasio-murid-rombel-smp.xlsx,https://cdn.data-portal.belajar.id/Aset-Dataset/20241105/0bdfb17513a701ee47f59d5eba9924540e430d9e1b5a9774a1cdf91f9745ba7a.xlsx,https://data.kemendikdasmen.go.id/dataset/rasio-murid-rombel-smp
2023,Prioritas,Skor pemahaman matematika,,Indonesia,Badan Kebijakan Pendidikan Dasar dan Menengah,Tahunan,2025-02-07,0.14,2023_skor-pemahaman-matematika.xlsx,https://cdn.data-portal.belajar.id/Aset-Dataset/20241105/1ad68f39060d839d95086480c77316553a4ac3581aa5577a606dc8573a697d9f.xlsx,https://data.kemendikdasmen.go.id/dataset/skor-pemahaman-matematika
2023,Prioritas,Skor pemahaman membaca,,Indonesia,Badan Kebijakan Pendidikan Dasar dan Menengah,Tahunan,2025-02-07,0.14,2023_skor-pemahaman-membaca.xlsx,https://cdn.data-portal.belajar.id/Aset-Dataset/20241105/3519a46469d0c0706899ff5662db427c4f57dd70de72a25857b479df57ae6d82.xlsx,https://data.kemendikdasmen.go.id/dataset/skor-pemahaman-membaca
2023,Prioritas,Skor pemahaman sains,,Indonesia,Badan Kebijakan Pendidikan Dasar dan Menengah,Tahunan,2025-02-07,0.14,2023_skor-pemahaman-sains.xlsx,https://cdn.data-portal.belajar.id/Aset-Dataset/20241105/2a889288f984abd534f691deb80e2c90e8d56debc4d54fe7e48ab3eac52c6d38.xlsx,https://data.kemendikdasmen.go.id/dataset/skor-pemahaman-sains
2024,Rapor Pendidikan Indonesia,Data Rapor Pendidikan Indonesia,,Indonesia,Badan Kebijakan Pendidikan Dasar dan Menengah,Tahunan,2026-05-25,20.21,2024_data-rapor-pendidikan-indonesia-2025-indonesia.xlsx,https://cdn.data-portal.belajar.id/Aset-Dataset/20250821/8ac0eddbca12d6b119f6e523f50492e670945c34fdf80f5b96b9b20f4043b8ad.xlsx,https://data.kemendikdasmen.go.id/dataset/data-rapor-pendidikan-indonesia-2025-indonesia
2023,Rapor Pendidikan Indonesia,Data Rapor Pendidikan Indonesia,,,Badan Kebijakan Pendidikan Dasar dan Menengah,Tahunan,2024-10-07,19.66,2023_data-rapor-pendidikan-indonesia-2024.xlsx,https://cdn.data-portal.belajar.id/Aset-Dataset/20241007/259a4c472b2792beba7945b578ca004b82de4489e11c8dc50a7425e506e1425b.xlsx,https://data.kemendikdasmen.go.id/dataset/data-rapor-pendidikan-indonesia-2024
2022,Rapor Pendidikan Indonesia,Data Rapor Pendidikan Indonesia,,,Badan Kebijakan Pendidikan Dasar dan Menengah,Tahunan,2024-10-07,15.62,2022_data-rapor-pendidikan-indonesia-2023.xlsx,https://cdn.data-portal.belajar.id/Aset-Dataset/20241007/6d13b52cc4c356d8614e8278d24bd06abeeaa37c4772c50f45a8977b49b155d4.xlsx,https://data.kemendikdasmen.go.id/dataset/data-rapor-pendidikan-indonesia-2023
2025,Rapor Pendidikan Indonesia / Rapor Pendidikan Indonesia,Data Rapor Pendidikan Indonesia,,,Badan Kebijakan Pendidikan Dasar dan Menengah,Tahunan,2026-06-10,20.56,2025_data-rapor-pendidikan-indonesia-2025.xlsx,https://cdn.data-portal.belajar.id/Aset-Dataset/20260610/076c6e7f39c190c5427eb3fce0013326242546551e47e9d35120b707e6033845.xlsx,https://data.kemendikdasmen.go.id/dataset/data-rapor-pendidikan-indonesia-2025
